url;mini;name;cat
kino_mania;files/y5JIVApFECg.jpg;Киномания | Фильмы | Сериалы;Кино
kino_kaif;files/HH4yF7anAyw.jpg;КиноКайф - Лучшие фильмы;Кино
mudakoff;files/HFoa2s_iJiM.jpg;MDK;Юмор
smeyaka;files/sVDpw9KLuPs.jpg;ПРИКОЛЫ | Смеяка;Юмор
ifun;files/TX1xbrk6FHs.jpg;Смейся до слёз :D;Юмор
dayvinchik;files/MShXYCS4KaU.jpg;Леонардо Дай Винчик;Знакомства
team;files/MnbEYczHxSY_760.jpg;Команда ВКонтакте;ВКонтакте
fuck_humor;files/S1sAyWZ_zSw.jpg;ЁП;Юмор
oroom;files/FNP2lQ-07Zc.jpg;Чёткие приколы;Юмор
ilikes;files/UTy7DwxpWrg.jpg;Четкие Приколы;Юмор
evil_incorparate;files/gDp0ZrntNZk.jpg;Корпорация зла;Юмор
lhack;files/jFzZxf9mfi4.jpg;Лайфхак;Юмор
iwantyou;files/fqtD6iEUUqo.jpg;Я тебя хочу;Юмор
xfilm;files/fj8sq5Gr11w.jpg;5 лучших фильмов;Кино
sh.cook;files/OFnj570VP0w.jpg;Шедевры кулинарии;Кулинария, рецепты
fucking_humor;files/GAa_4-dKepc.jpg;Убойный юмор;Юмор
s_arcazm;files/HFzz5wtPV_A.jpg;Сарказм;Юмор
borsch;files/XWNP2IQWpoc.jpg;БОРЩ;Юмор
ne.poverish;files/uUlHJcO1mwI_761.jpg;"Не поверишь&amp;#33;";ВКонтакте
vk.krasota;files/cc1fOEdOLBY.jpg;Красиво сказано . . .;Литература
kate_mobile;files/d_34ca4b14_840.jpg;Kate Mobile;Открытая группа
1poetry;files/_iHr0HDfO1U.jpg;Лучшие стихи великих поэтов | Литература;Литература
cook_good;files/-Ltwd9omwMY.jpg;Cook Good - лучшие рецепты;Кулинария, рецепты
dfilm;files/GVtVBfWOYfE.jpg;Достойные фильмы;Кино
vinevinevine;files/-VMLVhqJzpU.jpg;Vine Video;Юмор
kinohd;files/ePWgvae7768.jpg;"Я &amp;#10084; КИНО";Кино
psyxov;files/mup_lq7hZJI.jpg;Психология;Общество
4ch;files/w3Rn52t_OWU.jpg;4ch inc.;Юмор
onlinekinoteatr;files/hNV_jJVDVOg.jpg;Онлайн кино: фильмы, сериалы;Кино
bot_maxim;files/edkmKaElKVw.jpg;Бот Максим;Вымышленный персонаж
vkmuz;files/_I9FMSQQIGU.jpg;Музыка;Музыка
vk.fact;files/kDYpCXhFV0I.jpg;Знаете ли Вы?;Открытая группа
smsin;files/bOU0yiKvUmI.jpg;СМС приколы;Юмор
black_humor;files/jQsmT4a2EJU.jpg;Убойные приколы :D;Юмор
topds;files/UOtGqioB-Bg.jpg;Действительно смешно;Наука
trahninormalnost1;files/Aa3CnHCvZMI.jpg;Тряхни Нормальность;Юмор
sci;files/lGqgosqLLSo.jpg;Science|Наука;Наука
academyofman;files/R1mRUfRWEiE.jpg;Академия Порядочных Парней;Юмор
humour.page;files/4XhWB-xxS9U.jpg;Улетные приколы;Юмор
nrmusicru;files/RbsXOBGYzfE.jpg;NR.Music;Музыка
40kg;files/DlgvX6-pBjI_867.jpg;40 КГ;Здоровый образ жизни
i_des;files/rZYRgMsEQ_k_557.jpg;Идеи дизайна интерьера;Дизайн интерьера
beginenglish_ru;files/IYhi8qHbxWM.jpg;Begin English. Английский язык для всех;Образование
vkmusic;files/3yaDr9kg1Ac.jpg;Музыка ВКонтакте;Культурный центр
mzk;files/L_l3ZYwflHM.jpg;Музыка;Музыка
films;files/aWxVViffwR4.jpg;HD Кино - Фильмы онлайн 2020;Кино
leprum;files/dnfDZPh3Zws.jpg;Лепра;Юмор
science_technology;files/RertwC4MOdk.jpg;Наука и Техника;Наука
e_goist;files/uWhHESw9LMo.jpg;Эгоист;Юмор
ovsyanochan;files/R_bTbKdXBu0.jpg;"Овсянка, сэр&amp;#33;";Юмор
superapp;files/9-OgYXwTm_c_762.jpg;Приложение ВКонтакте;Открытая группа
o_ptimist;files/f5wYEgIa0LQ.jpg;Оптимист;Юмор
un_horoscope;files/HWin3-ewyL0.jpg;Необычный Гороскоп;Юмор
fckbrain;files/t5Czysb7hlk.jpg;МЕМЫ;Юмор
plmusic;files/ETb9FmFySCc.jpg;Популярная музыка;Музыка
v5umm;files/qFkPsd50Mnw.jpg;5 умных мыслей;Культура
fotomagic_su;files/QDU2cd32ws0.jpg;Поздравления С Днем Рождения Открытки;Друзья
cosec;files/HxGhyCsGOk8.jpg;Книга Рекордов;Юмор
agil_vk;files/-R24liPtIUo.jpg;Сарказм;Юмор
smechno_do_boli;files/qZ1JXou-jxQ.jpg;"Смешно До Боли &amp;#12484;";Юмор
i_want_love_dream;files/e04PpGVauT8.jpg;Я хочу...;Юмор
anekdot;files/7W2VBLQbwbQ.jpg;анекдотов.net;Юмор
bon;files/05lSL-AM87M.jpg;"Bon App&amp;#233;tit";Кулинария, рецепты
yayoulove;files/eOU2ifxCZhY.jpg;Я тебя люблю;Отношения полов
europaplus;files/xKunfq7fq7c.jpg;Европа Плюс;Открытая группа
record;files/fZE47fM6wOg.jpg;RECORD;Танцевальная музыка
ilove;files/DQajk3yG4tA.jpg;Я тебя люблю;Отношения полов
girls.blog;files/OvWdHJa55b0.jpg;Современная Девушка;Юмор
lo_horoscope;files/WppyTL-FgpY.jpg;Любовный Гороскоп;Юмор
vpovare;files/KHVY2tP5nRU.jpg;Лучшие рецепты Повара;Кулинария, рецепты
shutniki_ru;files/zB3YdqrQ19M.jpg;Шутник;Юмор
incredible0;files/ap5gfuBLIkg.jpg;История Человечества;История
movie_pab;files/aSf8yMzCEfk.jpg;Фильмы;Кино
live;files/qMshI1r5ey8_763.jpg;LIVE;ВКонтакте
poet_omar;files/lzEjFR_0VBQ.jpg;Омар Хайям и другие великие философы;Поэт или поэтесса
cook_bon;files/iIFRVF7nmgI.jpg;Рецепты: вкусно и просто;Кулинария, рецепты
onsch;files/eH_PTm-wA68.jpg;"Школа? Не, не слышали&amp;#33;";Юмор
v5inf;files/i_YdbpKrKTM.jpg;5 интересных фактов;Образование
rhymes;files/5NSj3dtiyUc.jpg;Рифмы и Панчи;Интернет-СМИ
cocacola;files/qdpo7LE0Wk8.jpg;Coca-Cola;Открытая группа
ktosverxy;files/6HF37BjMPts.jpg;КТО сверху;Отношения полов
ostroym;files/JIqGy2oHwoI.jpg;ОСТРОУМНЫЕ;Образование
vkgames;files/iewjXW9d6Qw.jpg;Игры ВКонтакте;Игры
piratetreasures;files/LRfRbQ46-No_689.jpg;"Игра &amp;quot;Сокровища Пиратов&amp;quot; - официальная группа";Открытая группа
igm;files/lPOr-6huYIQ.jpg;IGM;Игры
scifacts;files/FjasTKd0CLw.jpg;Наука и Факты;Наука
contact_fun;files/_XYJeVGM9vI.jpg;"С нами стыдно, зато весело&amp;#33;";Юмор
overhear;files/2ClmdNyjnTI.jpg;Подслушано – Здесь говорят о тебе;Общество
peregovorov;files/eIAifJLvvUM.jpg;На Случай Важных Переговоров;Юмор
public_of_music;files/CrQiHjIQkUA.jpg;Клубная музыка;Танцевальная музыка
sberkot;files/qEjykCcJSPY.jpg;СберКот;Открытая группа
vk.just.love;files/7Ov0TWvHtPQ.jpg;Just love;Отношения полов
zerofat;files/UeA1xMhRngs.jpg;0% жирности;Здоровый образ жизни
womanruse;files/dBDCSMcueKo_869.jpg;Женские Хитрости | Лайфхакерша;Уход за собой
haracters;files/RVGVBLq4dBw.jpg;Характер;Юмор
smart_log;files/HVODShSuhyg.jpg;"Это интересно&amp;#33;";Наука
book.record;files/kUKo3ObunpY.jpg;Книга рекордов;Юмор
on.heels;files/irq1sQKaGI4.jpg;Ты на понтах, я на каблуках.©;Молодёжное движение
chozah;files/re13e7vEDuc.jpg;Чёрный юмор;Юмор
homeideaz;files/eAEaImEuARA_558.jpg;Идеи вашего дома;Дизайн интерьера
hitrosti_jizni_ru;files/SUlcvJQx-KQ.jpg;Хитрости жизни;Общество
wowtattoo;files/My_R-wCWscc.jpg;"Тысяча чертей, какая татуировка&amp;#33;";Творчество
woman.blog;files/0U6MtWefCYM.jpg;Шпильки | Женский Журнал;Стиль, одежда, обувь
onesc;files/N2ssCKusiio.jpg;Школа? Не, не слышали;Юмор
tvcomedy;files/9jgcVUUEsEA.jpg;Comedy Club;Открытая группа
iface;files/pEINyg89wzU.jpg;• iFace;Юмор
thesmolny;files/Ca3g0Y6-BUQ.jpg;Институт Благородных Девиц;Юмор
i.like.this;files/owbzObOUVSA.jpg;"Убейся Позитивом &amp;#128517;";Юмор
hmideas;files/bF3DjBlHNK8.jpg;Фабрика идей;Творчество
super_cutting;files/f_fn9BMHxFw.jpg;• Неприличные Анекдоты;Юмор
marvel_dc;files/CfBRUHdr3Ac.jpg;MARVEL/DC;Кино
partyforhard;files/Sc0wND9Jmqw.jpg;"PARTY HARD (gif &amp;amp; video)";Анимация
fact;files/DCrBogKlVZU.jpg;КФ;Юмор
leprazo;files/D6wRWVTy-Es.jpg;Лепрозорий;Юмор
movie_loverss;files/DO9jAWl_JbA.jpg;Кинолюбители - Лучшие фильмы;Кино
nenorm;files/msEZw_jFYp0.jpg;НЕНОРМАЛЬНО;Юмор
psdnevnik;files/T7xK5Ab5YZ8.jpg;Цитаты и статусы;Молодёжное движение
ulibnullo;files/3jg9EIEvQOA.jpg;Улыбнуло;Юмор
strog_pocan;files/gjWI80_ir7w.jpg;Мужские мысли;Философия
evill_genius;files/8jHs71P5XGc.jpg;Злой Гений;Юмор
vprikole;files/bVI5ysGquoQ.jpg;В приколе (18+);Юмор
fakt1;files/ER0yNWT6R2E.jpg;Интересные Факты;Туризм, путешествия
zloyzayacgif;files/VmH26FiKVRk.jpg;Zлой Zаяц;Открытая группа
say.aloud;files/Tbu4f_16uks.jpg;Вслух;Общество
make_idea;files/djuaW7oAWZc.jpg;ИДЕИ для творчества;Творчество
ceny_brat;files/Vr9DH_0wjss.jpg;"Брат, только держись&amp;#9812;";Бизнес
great.food;files/94UtHwdxfw0.jpg;Рецепты;Кулинария, рецепты
vkucnie_recepti;files/Ny93qRBQo5c.jpg;Готовим дома: вкусно и просто;Кулинария, рецепты
pozor;files/3CLSezVf1wo.jpg;СТЫД;Молодёжное движение
rem_shkola;files/bcKQwLbbmas_556.jpg;Школа ремонта;Строительство, ремонт
artibot;files/5dYGNEujRYM.jpg;Арт Бот;Творчество
domanp;files/6my63_M033s.jpg;Дома не поймут;Юмор
ctc;files/-WcMuX-vbEM.jpg;СТС;Телеканал
chief.cooker;files/vv2LCcPTnLY.jpg;Записки шеф-повара;Кулинария, рецепты
slovo7;files/WYryMq6Nfxw.jpg;Словарный запас;Образование
corporationofhumor;files/ykvPrisMdO0.jpg;"Корпорация Юмора &amp;#12484;";Юмор
pozitiv;files/7lMil4k3l6k.jpg;"ПОЗИТИВ &amp;#12484;";Юмор
glam.koko;files/VtL61CDIdJM.jpg;"&amp;#9812; Счастье &amp;#9812;";Общество
toportg;files/TPtDHnWkC74.jpg;ТОПОР — Хранилище;Закрытая группа
velikieslova;files/7jK_YRLhL7Q.jpg;Великие Слова | Цитаты и Афоризмы;Философия
zlouchaplin;files/DEZ6jXkiFwA.jpg;Злой Чаплин;Юмор
kapue_gla3a;files/C6c4mO7DIIE.jpg;"&amp;#9829; Внешность - на время, Душа - навсегда &amp;#9829;";Литература
i4sms;files/6TjsGqxWN7g.jpg;СМС приколы :D;Юмор
beauty;files/F9uXs-RscFM_871.jpg;Салон красоты;Уход за собой
fuck_hum;files/Yh0DRvUcb9s.jpg;FUN;Юмор
kissgame;files/WVvhjOIsn3Q.jpg;Целуй и Знакомься;Знакомства
interestplanet_ru;files/ILBo5sptifk.jpg;Интересная планета - путешествия, туризм;Туризм, путешествия
piece.of_cake;files/2q6yWai-DNw.jpg;Хитрости жизни;Творчество
worldoftanks;files/EfEwxXZMh5U.jpg;World of Tanks;Открытая группа
signaphoto;files/j4yd-FSP9FA.jpg;СигнаL;Юмор
psycho;files/cv_sWNMzpFM.jpg;Психология Тишины;Общество
bez_kota;files/xRTkDQW64ss_666.jpg;"Без кота и жизнь не та &amp;#12484;";Домашние и дикие животные
moigostiofficial;files/YJ-RPC1Ygkw.jpg;Мои Гости ВК (Узнай гостей ВКонтакте);Открытая группа
security;files/UTs2_TLCfaE_764.jpg;Безопасность;Открытая группа
megaotriv;files/pu1WfIPYLqI.jpg;Анекдоты;Юмор
numos;files/CpJQfHzyZU4.jpg;Улётный Юмор;Юмор
psy_real;files/YkmtNh1KnWE.jpg;Психология;Общество
avataryaclub;files/1joStvRfZIk.jpg;Аватария;Открытая группа
i_d_t;files/y7tCvIshnpI.jpg;Идеи для творчества и подарков своими руками;Творчество
gooddaday;files/nIRtncu4FMQ.jpg;Новая Музыка 2020;Обмен музыкой
zdorovoe_telo;files/9X_E2c-IQ0o.jpg;Здоровое тело. Мы за здоровый образ жизни;Фитнес
sh_kino;files/OIzrjLOn7cI.jpg;Шедевры Кино | Новые фильмы | Фильмы 2020;Кино
axyennaa;files/5z-tVSveEDM.jpg;Спасибо папе за характер.©;Отношения полов
workart;files/qO-JckxC42g.jpg;Вдохновение.;Юмор
kinonov_in;files/zSqXNeD0iQw.jpg;Новинки кино;Кино
ps_kak_kretin;files/Dxm0Vq-n-PY.jpg;Я фотошоплю как бог;Юмор
shadowfightgames;files/VIlyojaTZAI.jpg;Shadow Fight;Открытая группа
say_13;files/F1nVkFEsvtI.jpg;Say 13 - Музыка 2020;Обмен музыкой
mquoter;files/OTUbAKjCaUM.jpg;Больше, чем просто строки;Отношения полов
dzenpub;files/MXnywHfQwuQ.jpg;Дзен;Юмор
in.humour;files/azVPE5U9YUE.jpg;Интеллектуальный юмор;Юмор
lovestime;files/7q3109FTmdk.jpg;ЛЮБОВЬ;Отношения полов
znall;files/4DHBv5jKVHE.jpg;А ты знал?;Образование
tumblr_vacuum;files/f8akbY6xihU.jpg;"V &amp;#923; C U U M";Литература
zabroshenoevk;files/mfEdrLTKoiw.jpg;Заброшенное;Туризм, путешествия
pikabu;files/q37RDmw7vXA.jpg;Пикабу;Юмор
my_sportt;files/FkHGgyiRWkc_875.jpg;Спортивная;Здоровый образ жизни
durex;files/DyL_rrMf_4o.jpg;Durex;Открытая группа
fashionblog;files/FXxyuq8PYd4.jpg;FASHION  мода;Стиль, одежда, обувь
pubauto;files/xwt9mHtXkyE.jpg;AUTO;Автомобили
public151016287;files/FpADLFPC4R4.jpg;ЯЖЕВОДИТЕЛЬ;Автовладельцы
life_hackersha;files/TGsGUi0eA-Q.jpg;Лайфхакерша;Здоровый образ жизни
lookbook1s;files/HHg8cGLHQtQ.jpg;LOOKBOOK;Стиль, одежда, обувь
nogtikcom;files/k3hxzq8MKY8.jpg;Маникюр | Ногти;Уход за собой
recipes40kg;files/de7IW0Rw_7k_878.jpg;Худей вкусно;Здоровый образ жизни
modarts;files/f0dOuMZW2Kw_559.jpg;ИДЕИ;Дизайн интерьера
elka_2018community;files/88sa4xqff6k.jpg;Ёлочка 2018: Пушкинская осень;Открытая группа
mindblowing_stories;files/9n8TernplFs.jpg;Лис;Открытая группа
lookvk;files/YjBffNTgzjw.jpg;LOOK OF YOUNG;Стиль, одежда, обувь
clever;files/5DyZl6M9nDs.jpg;Клевер;Приложение
onlinepublik;files/EDvq41QMfs4.jpg;Уроки Красоты | Маникюр | Прически | Макияж;Уход за собой
secretswoman;files/ciJYv8alzPw.jpg;"Women&amp;#39;s Secrets";Уход за собой
ladyonline;files/94YFDFzyp6w.jpg;Фитнес и здоровье. Диеты и спорт.;Фитнес
aidacha;files/TE5nyUhJb0A.jpg;Идеи для дачи;Строительство, ремонт
tvozrast;files/QA34P8G2_F0.jpg;Трудный Возраст;Здоровый образ жизни
womanpage;files/Bt_oj5hClRU.jpg;Woman;Здоровый образ жизни
modhair;files/qTuz1WGe6_s.jpg;Прически | Красота;Открытая группа
fitness;files/8U5FeSogkRk.jpg;FITNESS спорт мотивация;Фитнес
contracityofficial;files/fucgnaOgHMc.jpg;Контра Сити. Официальная группа;Открытая группа
tips4chicks;files/JOd2MNYjFSE.jpg;Уроки макияжа | Косметика;Уход за собой
women.love;files/2X081U2S0D8.jpg;Женские штучки;Уход за собой
flatme;files/ty6R_VBwsio.jpg;Квартирный Вопрос;Дизайн интерьера
xtattoo;files/5MFStAFuHVo.jpg;"Жесть, какая татуировка&amp;#33;";Стиль, одежда, обувь
priches;files/Np8-RcBMsr0.jpg;Прически;Уход за собой
vk_interior;files/g4njEcIQa7w.jpg;Интерьер и декор;Дизайн интерьера
vk.lfhk;files/JuU4ifMdR4c.jpg;Лайфхак;Строительство, ремонт
moezdorovieclub;files/J83AQah1XEE_881.jpg;Мое здоровье;Здоровый образ жизни
public39104553;files/tzbfSl7JwrE.jpg;Не я такой, жизнь такая.;Уход за собой
modaguide;files/nxR_Na3n4Ng.jpg;Мода;Стиль, мода
fitness_home;files/aUAMmYvfVSA.jpg;Just do it;Фитнес
fitness_recepty;files/myY3-T43kG0_882.jpg;Фитнес Рецепты — правильное и здоровое питание;Здоровый образ жизни
public73730654;files/o2bS6ZcteT0.jpg;"Идеи дизайна ногтей - фото,видео,уроки,маникюр&amp;#33;";Уход за собой
androidblog;files/Yo8wT4E-YIw.jpg;Android Blog | Игры на Андроид;Мобильные технологии
besplatny;files/q1VEeCETapQ.jpg;Бесплатный;ВКонтакте
manikur_nails;files/hWSzRI623HQ.jpg;Маникюр - дизайн ногтей;Уход за собой
bak;files/GwQyY9vLms8.jpg;Полный Бак;Автомобили
joom.official;files/hIDQ24Y1eMY.jpg;Joom;Приложение
number1000000;files/3AeS36rWAJA.jpg;Я всегда буду твоим поводом напиться.;Стиль, одежда, обувь
slim.like;files/sIagtA2YTHU.jpg;Фитнес подруга;Фитнес
eat_clean;files/JUGboPGPpBw.jpg;Фитнес кухня;Здоровый образ жизни
m_love_is;files/pKuMLaTY4gs.jpg;Love is - Любовь и Отношения;Уход за собой
auto.garage;files/v9pcEI_aqIU.jpg;ГАРАЖ;Автомобили
modnue.pricheski;files/glVrmmNFJ7g.jpg;Модные Прически;Стиль, одежда, обувь
moiakvartirka;files/c0osxhhmcYc_562.jpg;Моя квартира;Дизайн интерьера
etorussiadetka;files/4pdiWyarTvU_536.jpg;Это Россия, детка;Страна
glavdoroga;files/R8cr7MWlJQI_42.jpg;Главная Дорога;Автомобили
badpsycho;files/d_af47277e.jpg;ПСИХОЛОГИЯ;Уход за собой
be.style;files/mWfDtPP7Co4.jpg;Женские секреты;Здоровый образ жизни
squadfortress;files/MrjA1sLCb9A.jpg;БЛОКАДА (Официальная группа игры);Открытая группа
hitrostivk;files/fklM_gbicig.jpg;Женские Хитрости;Уход за собой
samsung;files/XxwuusuVT0c_794.jpg;Samsung;Открытая группа
carlifehack;files/teSxWCYLwUM.jpg;АВТО ЛАЙФХАК;Автомобили
m_yes;files/2lEPGp4bLx0.jpg;Всегда говори Да | Мотивация и вдохновение;Здоровый образ жизни
autobap;files/GVPnpWRag1o.jpg;AUTO;Автомобили
public123474518;files/mqwnYpKoa20.jpg;Строитель;Строительство, ремонт
sports_is_life2019;files/D8CIp3jp5vM_886.jpg;СПОРТ - ЭТО ЖИЗНЬ;Здоровый образ жизни
womantrlck;files/T6DvxuFRd84.jpg;Женские Хитрости;Уход за собой
films_hd_on;files/qxBIxOmU0WY.jpg;Фильмы |HD|;Сайты
manager_kai;files/F9_Vng3vqX0_830.jpg;Кай;Открытая группа
ican;files/eUSxLHO3n_4.jpg;Workout | Будь в форме;Фитнес
ua;files/LMvUSA3Na5E.jpg;VK Україна;Сайты
yes.journal;files/gxkYxq-_gsw.jpg;YES;Уход за собой
vk_moscow;files/geDSVleMDws.jpg;Интересная Москва;Городское сообщество
onesovet;files/Ae4SfWzpSFA.jpg;Полезные советы;Стиль, мода
women.diary;files/x9QQQd7P1II.jpg;Дневник женщин;Стиль, одежда, обувь
tainaimeni;files/34wZOfEi4PU.jpg;Тайна;ВКонтакте
women.trifles;files/ljd8pNJftaA.jpg;Женские мелочи;Уход за собой
gent.club;files/A00F3gFC_7o.jpg;Джентльмен Club;Стиль, одежда, обувь
lubite_takyu;files/3LNHwvbzwAQ.jpg;Какая есть, такую и любите.©;ВКонтакте
woman.secrets;files/6e7oajh1Ey4.jpg;Секреты женской красоты;Уход за собой
beauty_womenn;files/CVZTLYAAZY0.jpg;"Секреты красоты &amp;#128132;";Уход за собой
look.girl;files/njx_dBMKhdw.jpg;LOOK GIRL;Стиль, одежда, обувь
draft_msk;files/8eCSl47ORSs_384.jpg;Моя квартира. Москва;Городское сообщество
house.project;files/vw_ImdRoPsE_563.jpg;Квартирный вопрос | дизайн | интерьер | стиль;Дизайн интерьера
streetsmoda;files/VplCY8aKA6s.jpg;Street Styler | Уличная мода;Стиль, одежда, обувь
azbuka.remonta;files/oB7S62mYKKE.jpg;Азбука ремонта | Строительство;Строительство, ремонт
moto_vip;files/6sk6p1q_1YU_183.jpg;Мото;Мототехника
music.avto;files/Nd_3vVIMF-Y.jpg;МУЗЫКА В МАШИНУ;Автомобили
ideal.women;files/8nB-OyvOXKw.jpg;Лайфхакерша;Стиль, одежда, обувь
moda;files/KiW8CCGBSms.jpg;Мода;Стиль, одежда, обувь
beauty_100;files/Z8hk2Zh4ZdQ.jpg;100% красоты | Маникюр, Макияж, Прически;Уход за собой
my_beautybook;files/CHePZTo36RQ.jpg;Beautybook - секреты женской красоты, маникюр;Стиль, одежда, обувь
life_hck;files/Rl8HYRYm37w.jpg;Лайфхакнутая;Стиль, одежда, обувь
just_fitness;files/sKb9yD_Jqjg.jpg;Just Fitness | Фитнес Блог;Фитнес
autoblogvk;files/nYPgoVv1XRw.jpg;Про Авто;Автомобили
hairs4chicks;files/u1oDwOAW7M8.jpg;ПРИЧЕСКИ|Стрижки;Уход за собой
draft_spb;files/jRh_UuPL_jM.jpg;Мой дом. Санкт-Петербург;Городское сообщество
pudra.journal;files/9EYiO701lA0.jpg;Пудра • женский журнал;Стиль, одежда, обувь
goodlookgirl;files/ObaX7Z2GdDo.jpg;Лайфхакнутая;Здоровый образ жизни
feling_loves;files/CNLHDp8w9rY.jpg;Детка, ты   богиня.;Уход за собой
design.corner;files/xVFmN4ob1E8.jpg;Уголок Дизайна;Строительство, ремонт
club22789090;files/Md3jMOCk8QQ.jpg;"В РИТМЕ СЧАСТЬЯ &amp;#12484;";Открытая группа
ya.sportivnaya;files/hHvjw5aM0h4.jpg;СПОРТ;Фитнес
modap;files/ti3Vi3TT8v0.jpg;Мода;Стиль, одежда, обувь
wowsoalix;files/S2tyoTGMozo.jpg;НИШТЯКИ С АЛИЭКСПРЕСС;Стиль, одежда, обувь
public70275937;files/GH6fbMSU0IU.jpg;Идеи;Строительство, ремонт
book.look;files/-lYuRKD5-hY.jpg;"Fashion - мода и стиль &amp;#127872;";Стиль, одежда, обувь
fithackersha;files/vuzsKBASoNk.jpg;Фитхакерша;Уход за собой
dont_panic_42;files/d6ePVVzOlCI.jpg;Команда Поддержки ВКонтакте;ВКонтакте
prorealgirl;files/clllVFghM5Y.jpg;Настоящая девушка;Уход за собой
tngmus;files/wmO9aO677Q4.jpg;ЗОЖ  | Сам себе тренер;Фитнес
style_moda_nn;files/4f3uH2rB_Hw.jpg;Твой стиль - Твоя мода 2020;Открытая группа
mdk_beauty;files/BDH9q-jCsJU.jpg;"Идеи для красоты &amp;#128068;";Уход за собой
instdame;files/MQyEWRC6cEk.jpg;"Институт Домохозяек&amp;#33;";Уход за собой
ladys_rules;files/0jKxQ6UsQJI.jpg;Женское счастье | Психология;Уход за собой
auto_blog;files/bb9IB-fzsKY.jpg;Auto Blog;Автовладельцы
pandao_app;files/T2OcsUWhS2M.jpg;Pandao;Приложение
windowsblog;files/XCvU14q8MHM.jpg;Windows Blog | Компьютер;Программирование
public134655935;files/kqMzEhyzl_w.jpg;Дачник;Строительство, ремонт
icommunity;files/EzZ_oZ0-1vc.jpg;Apple;Мобильные технологии
public124764538;files/W1VrbmjpBGc.jpg;Своими руками;Строительство, ремонт
your_future;files/TZJlsYMYkN4.jpg;D4;Сайты
the.fashionista;files/gjrNT9qztm0.jpg;fashionista;Стиль, одежда, обувь
cars.best;files/W3VIEPNQet0.jpg;Машины;Автомобили
beauty4y;files/tqraYBq8gw4.jpg;УРОКИ КРАСОТЫ|Макияж.Маникюр.Прически;Уход за собой
info_mania;files/DcA1-F7MNtM.jpg;Инфомания;Домашние и дикие животные
romanceclubofficial;files/WBvdqIjqu0s_815.jpg;Клуб Романтики - Мои Истории;Приложение
manicur.dizain.nogtey;files/WK8AZMpmZXU.jpg;"Хочу&amp;#33; Маникюр&amp;#33;";Уход за собой
wques;files/2th40RBJg6U_888.jpg;"Beauty &amp;amp; Psychology";Здоровый образ жизни
blackpng;files/xGqzYsOSr78.jpg;BLACK;Стиль, одежда, обувь
myironcomp;files/EQBAwHlEf0s.jpg;Мой Компьютер;Техника, электроника
my.dacha;files/klM73FvFCeQ_633.jpg;Моя дача;Садоводство
mrb_auto;files/LlO8_ji7gpc.jpg;MR.B;Автомобили
decoras;files/Ud2E5ypwSGA.jpg;Style and Decor;Дизайн интерьера
lamour_de_soi;files/2jJ4l4mhTuo.jpg;"L&amp;#39;amour de Soi";Стиль, одежда, обувь
womanoonline;files/EBQonWB4-sg.jpg;Спортивная девушка;Фитнес
autoclub_i;files/ry2ZYBC8RCs.jpg;АВТО;Автовладельцы
1beautysecret;files/1-FIOfOOhxQ.jpg;Академия Красоты | Женский журнал;Стиль, одежда, обувь
elka_2020community;files/7jPFn1S351I_701.jpg;Ёлочка 2020;Открытая группа
golovolomke;files/wtFY9TMKgFM.jpg;Brain IQ;Сайты
dacha_sovetnik;files/23M7Jdmu4Bs.jpg;Дачный советник;Садоводство
catism;files/-SiqZ5BEWdU.jpg;Котизм;Домашние и дикие животные
youla_ru;files/E-XRr3GKHW8_808.jpg;Юла;Открытая группа
musincar;files/zYH-Xv-29Gw.jpg;Музыка в машину;Автомобили
lovely.corner;files/6MCMkaINCGk.jpg;Уютный уголок;Уход за собой
dumayibogatey;files/EzHyNZSfjUM_845.jpg;Думай и Богатей ©;Сайты
girls.academy;files/GuMovIK0sRg.jpg;Академия красоты;Стиль, одежда, обувь
journalforyou;files/pcXr9V1ezCU.jpg;Дневник Любимой;Стиль, одежда, обувь
beauty.ladies;files/dfdt2m8fKFE.jpg;Шикарные прически. Макияж;Уход за собой
prorabstroyka;files/uDM9lM97ItI.jpg;Прораб | Строительство и ремонт;Строительство, ремонт
public124303122;files/xhoIFtpauMI.jpg;Сделай сам;Строительство, ремонт
yoga_vk;files/creSqOh47d0_889.jpg;ЙОГА;Здоровый образ жизни
modmakeup;files/nGzbGOhlBO4.jpg;Макияж;Уход за собой
barishn;files/r3o-ol1oj2k.jpg;Красота;Уход за собой
ssstickersvk;files/r9WGjjJ6Ysk.jpg;Бесплатные стикеры;Открытая группа
mint_blog_vk;files/p2Tl_BwdGE0.jpg;Красота и креатив | Своими руками;Дизайн интерьера
yummywars;files/Qj9gayYCvQU.jpg;Агарио: Голодные Игры;Открытая группа
apple.inside;files/jmcmQn_jC4A.jpg;Apple | iPhone | iPad;Мобильные технологии
besplatno.zarepost;files/FBY8gY1D6j4.jpg;Бесплатно за репост. Конкурсы;Объявления
burda_kaka;files/sR2x3Y11NzA.jpg;Дом Моды;Стиль, одежда, обувь
w.tricks;files/ozpfXQ5YG9E.jpg;"ЖЕНСКИЕ ХИТРОСТИ&amp;#33; Лайфхаки, Юмор, Звезды";Уход за собой
madamnails;files/vabJUKkqvk8.jpg;Маникюр;Уход за собой
piter;files/uar0QymtwSI_386.jpg;"Это Питер, детка&amp;#33; [Типичный Питер]";Городское сообщество
smotraofficial;files/Rf1VAXzR63o.jpg;SMOTRA.RU;Открытая группа
zrmag;files/s9hyiU7WyZo.jpg;За рулём;Автомобили
fitnessbodybuilding1;files/FwROeihFr_s.jpg;"Fitness &amp;amp; Bodybuilding";Фитнес
project.dacha;files/oPqOh5gJ7B4.jpg;Проект « Дача »;Строительство, ремонт
public163570885;files/ilFiqtQbGfU.jpg;Тайны женской красоты;Уход за собой
wormix_club;files/-qQii1xAvkw_703.jpg;Вормикс;Открытая группа
s_oblozhki;files/MxxPU0JXRwE.jpg;Девушка с обложки;Стиль, одежда, обувь
zdoroveprosto;files/laPxfuaFmso.jpg;ПРОСТО О ЗДОРОВЬЕ;Здоровый образ жизни
women.world;files/tNUjsjDmJtc.jpg;Женский мир;Стиль, одежда, обувь
kudago;files/mv05MnR1YEY.jpg;KudaGo: Home | Москва;Городское сообщество
ytber;files/-9jkr21MGW0.jpg;ЮТУБЕР;ВКонтакте
genskoe_zdorovie;files/bXfpwo64Dtw.jpg;Женское Здоровье;Открытая группа
iviru;files/kUzJpzn1G9s_816.jpg;Онлайн-кинотеатр IVI;Приложение
public164785845;files/egqm1OEospQ.jpg;Потрясающая девушка;Уход за собой
avtos_club;files/T2pUv4xqYGg_52.jpg;Клуб Автомобилистов;Автомобили
shikwomans;files/WJdnhvcljiM.jpg;Шикарная женщина;Уход за собой
the.manicure;files/_oTlCZat8Dk.jpg;MANICURE;Уход за собой
beaty_styles;files/_1j4uEmeiKk.jpg;Клуб красоты;Стиль, одежда, обувь
tricks_lf;files/-i4p5ewTRKg.jpg;Идеи для дома и дачи;Дизайн интерьера
public_moda_krasota;files/Tmb8YNEvNQM.jpg;Стиль.Мода.Красота.Винтаж.;Стиль, одежда, обувь
sama_sebe_trener;files/gHSbZvcTA5E.jpg;Сама себе тренер;Здоровый образ жизни
isupercars;files/8814_cohYAs_53.jpg;АВТО, МАШИНЫ, ТАЧКИ;Автомобили
queen.girlss;files/MI5-3uS42R4.jpg;Девушкам это нравится;Стиль, одежда, обувь
boginyabeauty;files/ceJAt2XGImc.jpg;Богиня красоты;Уход за собой
best_musical1;files/TceqpprrGK0.jpg;твоя музыка - твоё настроение;ВКонтакте
iw_secrets;files/JXHpGR0DQ9k.jpg;Женские Секреты;Открытая группа
reassoncry;files/tuvNGBD6Qt8_774.jpg;повод поплакать.;ВКонтакте
autowayy;files/ZvPY58-UJ80_54.jpg;AUTOWAY Авто журнал;Автомобили
moda.young;files/VgM_n4Ix_Is.jpg;"Fashion look &amp;#128087;";Стиль, одежда, обувь
ted4you;files/tuNPR5V-Xn4.jpg;Digit world - в мире технологий;Техника, электроника
myhealthclub;files/Gj9tp6INhZU.jpg;"Будем здоровы&amp;#33;";Здоровый образ жизни
horoscoplev;files/pAD1MUpOF58.jpg;Лев ( 28 июля );Объявления
animalhappy;files/24go49UgZ_w.jpg;"Ох, уж эти животные&amp;#33;";Домашние и дикие животные
sosmuslom_vk;files/uXdp01qW9ac_775.jpg;"&amp;#9812; Со смыслом &amp;#9812;";ВКонтакте
xpump;files/vsai4Kh6wlM.jpg;"SPORT &amp;amp; FITNESS";Фитнес
all_android;files/ooWfcjh3C6U.jpg;Андроид | Android;Мобильные технологии
lovemyauto;files/QPiYvWr_U8I.jpg;AUTO GID;Автомобили
alihakersha;files/ipK3aZE-YaY.jpg;Алихакерша;Стиль, мода
the.lookbook;files/CpwxCPpRoQ0.jpg;LOOKBOOK;Стиль, одежда, обувь
public169775467;files/lDGE8EjU-64.jpg;"Секреты современной хозяйки/Полезные советы&amp;#33;";Дизайн интерьера
musicavto777;files/qqYa_iFv7-o_56.jpg;Музыка в машину;Автомобили
horoscop.oven;files/U8gihIS35qs.jpg;Овен  ( 28 июля );Объявления
the_power_of_will;files/amAbZYF4bSI.jpg;Здоровое питание | Power of will;Здоровый образ жизни
time.ideas;files/8Gc9XLB0mNs.jpg;Гений креатива;Дизайн интерьера
bass.end.cars;files/ZoajM2-G2-U.jpg;Авто;Автомобили
zdorow;files/vw5LQiZtym8.jpg;Спортхакер;Здоровый образ жизни
bodyfitsecret;files/jxhM-QdQx5Q.jpg;Секреты идеальной фигуры | Правильное питание;Фитнес
jenshina_uspeha;files/MPeE-DsUNWg.jpg;Woman;Уход за собой
public173003863;files/6ktMApf1Fr4.jpg;Женские штучки;Уход за собой
womany;files/U6tPd5Dxl68.jpg;Она прошла как королева...;Уход за собой
public27260779;files/VLGM5v1Sapc.jpg;Идеальная;Уход за собой
club18557682;files/4R-3nk1DY6Y.jpg;Территория фермеров;Открытая группа
sng_dota;files/MNGN6sKjyxM.jpg;Dota 2;Видеоигры
elka_2019community;files/DKKDRe1ziRA.jpg;"Ёлочка 2019: Кельтские легенды&amp;#33;";Открытая группа
klondike_group;files/OHvlsSYIv-I.jpg;Клондайк;Открытая группа
dream_design_one;files/NfwVbV05KRI_569.jpg;Дизайн твоей мечты;Дизайн интерьера
bpanpub;files/pub5emgP53U.jpg;БПАН;Автовладельцы
gif.stroyka;files/gkW90MvH-SQ.jpg;Сделай сам;Строительство, ремонт
nanofarm;files/cldeXHQo1xc.jpg;Нано-ферма;Открытая группа
look.vogue;files/71cx0wMooQc.jpg;"Гид по моде&amp;#128131;";Стиль, одежда, обувь
road_wars;files/shfSwcTeFRY.jpg;Дорожные Войны;Автомобили
public150902697;files/QzdnMDwykDY.jpg;Женские секреты;Стиль, одежда, обувь
udoit;files/51jU0COu8O8.jpg;Fitness Life;Фитнес
yourkrasota;files/h0U1gVUVCCM.jpg;Макияж 2020;Уход за собой
mytattooeskiz;files/Un1opAjbfDE.jpg;Архив эскизов для тату.;Стиль, одежда, обувь
look.week;files/tW0sKWcqIIc.jpg;"Fashion blog &amp;#128096;";Стиль, одежда, обувь
belkigame;files/3x-JUv_X-ss.jpg;Трагедия Белок;Открытая группа
fshn_blg;files/9A9KcjgG1pM.jpg;Fashion Inspiration;Стиль, одежда, обувь
public193593968;files/G6S_HVxHZOc_570.jpg;Моя квартира;Дизайн интерьера
mdk.girls;files/EjG-FBTtRJA.jpg;Женский Клуб;Уход за собой
decor.house;files/4uM-SRg9vQ8_571.jpg;"Дизайн и декор &amp;#127968;";Дизайн интерьера
garderobjournal;files/3vZOlnkPy9o.jpg;"&amp;#9733;  g а р д е р о б &amp;#9733; |юмор|красота|звёзды|семья|";Открытая группа
programmistov;files/2yq7YlpPXkk.jpg;Программист;Программирование
horoscop.varsator;files/--ebk2Ygv4U.jpg;Водолей ( 28 июля );Объявления
ourmagicalworld;files/PCjt8dXFMm8_846.jpg;Удивительный мир;Сайты
kuplinovplay;files/nO4TgS07GZE.jpg;"Kuplinov &amp;#9658; Play";Видеоигры
kachok_sport;files/mfQwJObF5ZI.jpg;КАЧОК—спорт/бодибилдинг;Фитнес
horoscop.taur;files/rBBdN7VhBFc.jpg;Телец  ( 28 июля );Объявления
wernaya;files/0CpBQwM1QEU.jpg;Верные...;Уход за собой
vgarazheauto;files/2i6dzojv40A_59.jpg;В Гараже -  Паблик для автовладельцев ®;Автомобили
autodeer;files/DatHQFNN6P0.jpg;Услышано у Водителей;Автомобили
bighappycat;files/SOfL7eWoh74.jpg;Котий;Домашние и дикие животные
nadiete;files/9WdhKzbplSk.jpg;На диете | Рецепты, Похудение, Фитнес;Здоровый образ жизни
lek13;files/WNh_Dxdn_FQ.jpg;Стратегии Жизни. Психология и Саморазвитие.;Открытая группа
welnessphilosophy;files/RuIVhp9GcAI_898.jpg;ФИТНЕС||Кухня.Спорт.Мотивация;Здоровый образ жизни
bpanofficialgroup;files/BAks9vEFYSg.jpg;БПАН | ВАЗ;Автомобили
vk.animal;files/z7s0StMS7ew.jpg;Живая природа;Домашние и дикие животные
public185477185;files/671YaKKI2B0.jpg;Девчонки;Уход за собой
style.book;files/j8ns_-GXU08.jpg;Stylebook;Стиль, одежда, обувь
rich.bird;files/b9kttcIZk8U.jpg;"Rich-Birds.com - заработай на своих яйцах&amp;#33;";Сайты
tankionline;files/hl3fevRTCgU.jpg;Танки Онлайн;Видеоигры
womensmag;files/i_5Uh2OiYGU.jpg;Женский Журнал;Стиль, одежда, обувь
just.girls;files/F8bxtBTC-T0.jpg;Girls;Стиль, одежда, обувь
umniy_voditel;files/OR4EfAthw9g_178.jpg;Умный водитель;Автотовары
prpitanie;files/P13UTLM8mRA.jpg;Правильное питание;Здоровый образ жизни
zapiskikrasoti;files/emrPzPmnNTs.jpg;Записки красавицы;Уход за собой
floschool;files/URPpFWzVgJA.jpg;"Школа цветоводства &amp;#127800; Наш дом всегда в цветах &amp;#127800;";Садоводство
po_glavnoi_doroge;files/nQSshj2ZiyI.jpg;"Клуб автолюбителей |Главная дорога &amp;#12484;";Автовладельцы
fashion_holy;files/M-o4Xv9HvKg.jpg;"Мода|Стиль &amp;#128141;";Стиль, одежда, обувь
horoscop.pesti;files/glo4KJsgTRQ.jpg;Рыбы  ( 28 июля );Объявления
banthair;files/NH-lBymR3z8.jpg;Прически 2019;Уход за собой
ladyland.club;files/JJmYsl470qc.jpg;Секреты красоты - мода и стиль;Стиль, одежда, обувь
health_natural;files/kutZIomVzX8.jpg;Здоровье от Природы;Здоровый образ жизни
aloauto;files/fIhxHxWzR1Q.jpg;Aliexpress для авто;Автотовары
housewife_hack;files/qQSXixXah0s.jpg;Хозяйкины Хитрости;Уход за собой
horoscop.balanta;files/X1IGZfZHsEA.jpg;Весы   ( 28 июля  );Объявления
dachno;files/oASsW1PDUM0_636.jpg;Моя дача;Садоводство
ideal.remont;files/mHT8COdGT98.jpg;Идеальный ремонт;Дизайн интерьера
hairstyle1000;files/naNc_PSYjZY.jpg;Прически | 1000 Идей | Стрижки;Уход за собой
motor;files/wbvAtll-R_k.jpg;MOTOR;Автомобили
kazanova;files/mjgHDX15-tY.jpg;K A Z A N O V A;ВКонтакте
womanhands;files/FL5Ri6xBKZU.jpg;Умелые ручки;Уход за собой
mimipets;files/1dPWEgPzvGA.jpg;mimi;Домашние и дикие животные
horoscop.scorpion;files/767Ch5DsUiU.jpg;Скорпион  ( 28 июля );Объявления
medicfacts;files/2fCPMdzAcQM_901.jpg;ОКАЗЫВАЕТСЯ ...;Здоровый образ жизни
bez_kota_i_zshizn_ne_ta;files/TB9sFkywwfg.jpg;"СУПЕРКОТ  &amp;#12484;";Домашние и дикие животные
horoscop.sagetator;files/pYAjY4gF8aE.jpg;Стрелец    ( 28 июля );Объявления
public185630517;files/gc0f0ohIlOQ.jpg;Хозяюшки;Уход за собой
benz_society;files/aojJzyqwW9Y.jpg;Mercedes-Benz Society;Автомобили
true_humans;files/mHHHLFPFHls.jpg;как выглядят люди;Стиль, одежда, обувь
klubauto;files/2wluaeG1yh4.jpg;АВТО КЛУБ;Автомобили
public109814200;files/R0hEyfcfoHw.jpg;"Красота &amp;amp; здоровье";Здоровый образ жизни
eatmefirst;files/n8rC32VwTZU.jpg;"Съешь меня&amp;#33;";Фитнес
fitnessed;files/JsODiJQs8yA.jpg;Растяжка. Шпагат. Мотивация. Гибкость;Фитнес
clubliga;files/d_f0618bc9.jpg;ЛИГА СКОРОСТИ — Официальная группа игры;Открытая группа
public35555555;files/uHkVu14ztoc.jpg;Сила мыслей | Философия, юмор, женское счастье.;Стиль, мода
sports.girls;files/P7y_U5CbAfY.jpg;SFAP  |  Спортивные девушки;Фитнес
mbl_iz_90_x;files/_VJQLfwvFuA.jpg;Дети 90-х;ВКонтакте
bloo_me;files/b_HNazIJRvs.jpg;BlooMe;Уход за собой
callprikol;files/BB8NewUhRA4.jpg;Call-Prikol | Колл Прикол бот;Приложение
ianorexic;files/VXd86M6C4P0.jpg;"Типичная Анорексичка [ТА&amp;#10084;]";Уход за собой
bigudionline;files/T4YcAuQ0k9w.jpg;Бигуди;Открытая группа
playstationru;files/KWP_7aXraFE.jpg;PlayStation Россия;Открытая группа
fitness.journal;files/N7X67SFOuQA.jpg;РЕЛЬЕФ /  фитнес / спорт / здоровье / питание;Фитнес
club147674219;files/V_9t4nRN1UI.jpg;Дамский журнал;Открытая группа
newsmews;files/sPVJE5HFl5s.jpg;Mews News | Котоновости;Домашние и дикие животные
40sq_m;files/GqECACQFW4w.jpg;Малогабаритка | дизайн и ремонт;Дизайн интерьера
public144962800;files/gzdGhj5ilI8.jpg;МИР КРАСОТЫ;Уход за собой
vkhairstyles;files/V6MOsHO4slY.jpg;Модные стрижки и прически 2020 фото;Уход за собой
magnit_zdorovia;files/do44nNchVpk.jpg;МАГНИТ ЗДОРОВЬЯ;Здоровый образ жизни
butio;files/n7Qi-hVrQYQ.jpg;"Lady&amp;#39;s Beauty | Макияж, Маникюр, Прически";Уход за собой
vk.ihome;files/OPLLt1hl6wE.jpg;МОЙ УЮТНЫЙ ДОМ. Женщинам, Хозяйкам, Мамам.;Уход за собой
40meter;files/yxVfHMjPnpw.jpg;Малогабаритка | Идеи для маленьких квартир;Дизайн интерьера
des_ideas;files/zGzHijT4mUM.jpg;Дизайн Интерьера | 33 кв. метра;Дизайн интерьера
elitegarage;files/VuNuvU_aNV0_66.jpg;Наш Гараж;Автомобили
love_kabluki;files/6F_rZgiW1jg.jpg;Туфли, обувь, каблуки;Стиль, одежда, обувь
intergarden;files/tM9YW7Qz66c.jpg;Сад, огород, дача, строительство;Садоводство
earthisthemiracle;files/d_4ae5eab1.jpg;"«Планета Земля - чудо Вселенной&amp;#33;»";Сайты
hairok;files/w7BnmMHa1jE.jpg;Красивые прически. Прически пошагово;Уход за собой
mosc1;files/8hwj5anMQGQ.jpg;Интересная Москва;Городское сообщество
bg.garden;files/3zqH-F7ziwg.jpg;Идеи для сада | дача | ландшафт| огород;Садоводство
smashdesign;files/jCJjBO1U9qk.jpg;Дизайн / интерьер / стиль  -  SmashDesign;Дизайн интерьера
avto__auto;files/MDIeqeaZjek.jpg;Наглухо тонирован (бпан таз ваз авто);Автомобили
public130183532;files/z04_EX1Elwo.jpg;Лайфхаки;Строительство, ремонт
moe_gnezdishko;files/ng5ND7Shb00.jpg;Гнездышко l Домашний уют, декор, дизайн;Дизайн интерьера
young.woman;files/D5qLRyuEm4g.jpg;LOOK AT ME;Стиль, одежда, обувь
kotovasjka;files/fU-HgXGBOGg.jpg;КоТоВаСиЯ;Домашние и дикие животные
publicdolgoletie;files/TsKQzTckVsM.jpg;Не болею | Рецепты здоровья и долголетия;Здоровый образ жизни
lesson.volosi;files/Vokk9O2P40A.jpg;Уроки прически;Уход за собой
best_decor_interior;files/Yvy5rqSsDcI.jpg;Интерьер и Декор;Дизайн интерьера
avito;files/ANAoRTidxgM_809.jpg;Авито;Открытая группа
manikur1000;files/g6dLIzlFujM.jpg;1000 Идей маникюра | Дизайн ногтей;Уход за собой
the.russian.federation;files/o6pZKwI07k0.jpg;Наша страна Россия;Страна
fashionconsciousness;files/XNGuYrjwP8s.jpg;LOOKBOOK | Street style;Стиль, одежда, обувь
op_manicure;files/brPT2Cd3hvs_913.jpg;ОП, МАНИКЮРЧИК;Салон красоты
trapandswag;files/A5ScBVoxuiw.jpg;TRAP † SWAG;Стиль, мода
blackvadratvk;files/ynMMSjs50pM.jpg;Черный квадрат • бесцензурные новости;Закрытая группа
beautyfashiondesign;files/UmRHOOSujDY.jpg;Мода | Стиль;Стиль, одежда, обувь
sad_u_ogorod;files/RQcIfFpOW6w.jpg;ЗАГОРОДНЫЙ ДОМ (ДАЧА) или Во саду ли, в огороде;Садоводство
fanclub2033;files/k4NESx_d9rg.jpg;Приложение «Метро 2033»;Открытая группа
public137625968;files/VtSUEon8Gd8.jpg;Моя квартира;Строительство, ремонт
cwclub;files/cY-LwUT7xzg.jpg;Contract Wars Club Official;Открытая группа
huaweimobilerus;files/QuKeq7S5ryY.jpg;HUAWEI Mobile;Открытая группа
visokievibracii;files/LPYvllqXHUg.jpg;Высокие вибрации / Философия;Психология
uknowhow;files/v6R4AicOH-c.jpg;Советы и Идеи;Здоровый образ жизни
bg.remont;files/vDzzrY9PSEI.jpg;Pro Ремонт;Дизайн интерьера
hcookery;files/PtsTRFX7zaE_906.jpg;Здоровая Кухня  - рецепты / правильное питание;Здоровый образ жизни
1stroika;files/SKDraK7IBD0.jpg;Стройка - Строительство и Ремонт;Строительство, ремонт
fasfion4chicks;files/zANEncAwTV8.jpg;МОДНАЯ Беседка | Мода. Стиль. Красота;Стиль, одежда, обувь
buy__car;files/ofk4P92EsiU.jpg;Тачки за копейки;Автовладельцы
foccof;files/PpkfA0ud0PI.jpg;FOC;Автомобили
rodnikzdoroviy;files/jTdJ7rx0mfY.jpg;Родник Здоровья | Женский Журнал;Здоровый образ жизни
habr;files/9mCS-Nc4cdk_833.jpg;Habr;Программирование
myhomehelp;files/fbaVuQxtCrI_908.jpg;Энциклопедия правильного питания|Рецепты .Советы;Здоровый образ жизни
seventeenblack;files/byvQWwP5wiU_778.jpg;SEVENTEENBlack;ВКонтакте
historytime_ru;files/qvis17_wE5U_849.jpg;History Time;Сайты
myauto_world;files/8Yscq_yviO4.jpg;АВТОМИР;Автомобили
vk.designed;files/aVTx3ilrgcM.jpg;Необычный дизайн;Дизайн интерьера
auto_bmw;files/d6gLNLokEUc.jpg;БМВ;Автомобили
top_gear;files/AutXH0XiVls.jpg;The Grand Tour | TG Fan Club;Автомобили
hospital_room;files/bGam7a-IBaY.jpg;hospital room;Стиль, одежда, обувь
perfecto_vk;files/BXIY7OukmtA.jpg;ИДЕАЛЬНАЯ;Место отдыха
mens____life;files/vEVuGW23mrM.jpg;Мужской Характер;Автомобили
craftdefender2;files/OxGmv319kd4.jpg;Кубезумие 3D FPS| Madness Cubed Blitz;Открытая группа
lovekrvv19;files/IIfR3g7ofDw.jpg;L O V E;Здоровый образ жизни
love_zozh;files/_naCi7NWlpw.jpg;Я Люблю ЗОЖ;Здоровый образ жизни
pure;files/mMBDQWrkRO8.jpg;Garnier Чистая Кожа;Открытая группа
drive2;files/Dp8ebIp7mF0.jpg;DRIVE2.RU — ДРАЙВ2;Автомобили
project.haus;files/O7HrNzoyHkY.jpg;Проект « Квартира »;Дизайн интерьера
vk_bestauto;files/0FJ6s7VPWLs.jpg;Лучшие автомобили;Автомобили
opegitstudio;files/pTzTFLkosZc.jpg;Opegit Studio;Видеоигры
stroim_svoi_dom;files/RCM3RR9l-xY.jpg;Строим свой дом;Строительство, ремонт
advertapp;files/ylimrg861tY_818.jpg;"AdvertApp : заработок на Android и iPhone&amp;#33;";Открытая группа
loooveees;files/nz5sERJE5Qc.jpg;"&amp;#9829; .Ты моя - и это навсегда. &amp;#9829;";Здоровый образ жизни
trend_woman;files/gBWzE1lPMtk.jpg;ЖЕНСКИЙ ПОРТАЛ;Здоровый образ жизни
club.pacanskiy_vaz;files/4itmUQbLRTA.jpg;ПАЦАНСКИЙ ВАЗ;Автомобили
ai_da_mastep;files/H74juVhCJQw.jpg;Русский умелец;Строительство, ремонт
my.zdorovye;files/MaL7bX_69CI.jpg;"Мое здоровье&amp;#33;";Здоровый образ жизни
wellarussia;files/SldVpWWzJ8I.jpg;Wella;Открытая группа
hcook;files/K9Gr-i4tCD4.jpg;Здоровое питание | Здоровые Рецепты;Здоровый образ жизни
smart.tech;files/arxhOvdDj1E.jpg;#tech;Техника, электроника
misspantene;files/cVEk8RGL0aY.jpg;Pantene Pro-V;Открытая группа
instagram;files/bK11qS9iAds.jpg;Instagram;Сайты
kopatel_official;files/v63WrAZu2EM_717.jpg;Копатель;Открытая группа
moii_sad;files/iJuKcZKNyUw.jpg;Мой сад - дачный советник;Садоводство
idrive.auto;files/bIWa4WXRKL8.jpg;iDrive | Авто и техника;Автомобили
zdorovoebody;files/Xgl38TqPV_8.jpg;Здоровое тело;Здоровый образ жизни
public39751189;files/MX-ubVyl4VI_851.jpg;"Философия &amp;#9775; Психология";Сайты
apple_id;files/e-iVjQOstog.jpg;Apple;Мобильные технологии
public189290524;files/aOam8K4rlWk.jpg;Чеснок: Юмор;Дизайн интерьера
km180;files/PaVlxpiYtXc.jpg;Авто Смекалка;Автомобили
sportsrules;files/Gq_QVH1WS8o.jpg;SPORT RULES |Музыка|MMA|Фитнес|Спорт;Здоровый образ жизни
inthack;files/A3w9Hj4tP2c.jpg;Хитрости интерьера;Строительство, ремонт
stroiy_sam;files/-hV85LmK-wk.jpg;Строитель;Строительство, ремонт
vkleopatra_public;files/4Hm1-6ylGUk.jpg;Фитнес | Правильное питание | Здоровье;Здоровый образ жизни
wylsacom;files/sNGIsHQRo3Q.jpg;Wylsacom;Техника, электроника
kudagospb;files/Y9Xl44aoJaE.jpg;KudaGo: Home | Санкт-Петербург;Городское сообщество
vk.handwork;files/4OQzZO90USs.jpg;"Сделай сам&amp;#33; Креативные идеи";Строительство, ремонт
dog_fanclub;files/Em-6WlCK1qw.jpg;Собаки;Домашние и дикие животные
stroika_remont_dizain;files/eFSFPU2acKw.jpg;Строительство, ремонт и дизайн;Строительство, ремонт
boevaja_classica;files/L90qGbC3-Wg.jpg;Боевые Жигули;Автомобили
mydacha2;files/BpTgwk3OKUA.jpg;Моя дача ver. 2.0 | Архитектура и дизайн;Строительство, ремонт
jurnal.zdorovye;files/RmLtVU1Jekk.jpg;Твоё Здоровье;Здоровый образ жизни
piknvst;files/iNwQobPXWMY_538.jpg;ПИК - Горячие Новости;Открытая группа
stroy_ok;files/gHZCIFjKtC8.jpg;Строительство и ремонт;Строительство, ремонт
siladuh;files/VdY68wxv2aE.jpg;Здоровье. Йога. Фитнес. Красота. ПП.;Здоровый образ жизни
club52356783;files/e3nJxQ62sl0.jpg;"&amp;quot;Великий Кутюрье&amp;quot; - официальная группа игры";Открытая группа
ldeasforhome;files/GBjo45pJq_c.jpg;Идеи для дома | 33 кв. метра;Дизайн интерьера
remont_kak_iskusstvo_ru;files/f1Q3ctGyFbg.jpg;Ремонт как Искусство;Строительство, ремонт
o_st.petersburg;files/XhaF-ktNOvA.jpg;"Санкт-Петербург - это мой город&amp;#33; | Питер | СПБ";Городское сообщество
wotclear2;files/FruSYxc9LJQ.jpg;Группа любителей World of Tanks;Открытая группа
dacha.dacha;files/Sx8FaVCINac.jpg;Моя дача;Строительство, ремонт
inspirationto;files/ZB5dSh3gO2Y.jpg;Inspiration | Вдохновение;Психология
autoexxxpert;files/n-ZDcmnorYg.jpg;Авто Эксперт;Автовладельцы
start_nabor;files/CYds-lXRMME.jpg;LeNail | Наборы | Гель-лаки | Материалы | Ногти;Открытая группа
iylibka;files/gn04NSLjN4I.jpg;Его улыбка самая лучшая;Психология
motor_man;files/zmKyQUIkmMA.jpg;Автолюбитель;Автомобили
igromania;files/BoQxCKDBros.jpg;Игромания;Открытая группа
my.stroyka;files/VRAKoCsA1kQ.jpg;Моя стройка | Ремонт и строительство;Строительство, ремонт
pickup.auto;files/PFkQQxiJVQg.jpg;PickUp | Авто и Техника;Автомобили
stroim_dom_net;files/CMkF2q5zMSk.jpg;Умный Строитель;Строительство, ремонт
humor_dog;files/sFlfYPAMt68.jpg;Собака - Друг человека | Собаки;Домашние и дикие животные
nivearussia;files/_sVd85VVBiw.jpg;NIVEA;Открытая группа
public137625107;files/JD-PBxLOtbM.jpg;Автомобилист;Автомобили
bestvkclub;files/f5g1lDzksCw.jpg;Полезные советы;Здоровый образ жизни
interdecor;files/bCf8-nBQnNA.jpg;Малометражка;Открытая группа
chuudo_tehnika;files/IUMavRhv5gc.jpg;ЧУДО ТЕХНИКА;Автомобили
kz_pub;files/b7hovJwgExY.jpg;Под Небом Казахстана;Страна
bestland;files/XXfzEmWELEc.jpg;"Эту страну не победить&amp;#33;";Страна
pmmgo;files/Lh7Lctb4iDA_391.jpg;Подслушано Метро Москвы;Городское сообщество
polyglotmobile_vk;files/4jdI4vBfqSA.jpg;Полиглот клиент ВКонтакте;Открытая группа
interiorno;files/5e9_P-4OZqE.jpg;Дизайн интерьера;Дизайн интерьера
ssavto;files/XuRmnB2F_jI.jpg;Сам Себе Автомеханик;Автовладельцы
tunerlifegame;files/3J9eMvZp0tM.jpg;"&amp;#9819; Tuner-Life.com";Открытая группа
getfreeapps;files/pfxlT1RD9PA.jpg;Бесплатные приложения;Мобильные технологии
flirtcity_game;files/P0xQk9anGpo.jpg;Флирт Сити;Открытая группа
te_ekb;files/1EwEElInD4E.jpg;[ТЕ] Типичный Екатеринбург;Городское сообщество
autoria;files/9Yh3lPiwL6k.jpg;AUTO.RIA;Открытая группа
moscow.laws;files/Gicqg7tWlpE.jpg;Путеводитель по Подмосковью;Городское сообщество
uyt_comfort;files/6fVK-MoAx0M.jpg;Уют и комфорт;Дизайн интерьера
pg_russia;files/WR-qmpheXkQ.jpg;Everydayme Россия;Открытая группа
znaharj;files/vGycdIA9WqE.jpg;Большая книга знаний;Здоровый образ жизни
club68296208;files/lJxEHTFitAA.jpg;Родина;Открытая группа
dacha.life;files/iuDkkfKpKno.jpg;Дачный лайфхак;Строительство, ремонт
ruki_sdelayut;files/hbyV1w32CXE.jpg;Глаза боятся руки делают;Строительство, ремонт
club18108426;files/0v1BkJ8tltY.jpg;Мегаполис;Открытая группа
ruki_sdelaut;files/0l3ICjk4q5U.jpg;Глаза боятся - руки делают;Дизайн интерьера
zamstroi;files/kc4Twudz9ts.jpg;Заметки строителя;Строительство, ремонт
stroyka3;files/1lrnMI5NMdo.jpg;"Глаза боятся, руки делают&amp;#33;";Строительство, ремонт
snapster;files/lLS1KgMDNws.jpg;Snapster;Приложение
vbratstve;files/RYTtOD5vTmY.jpg;Old Spice;Открытая группа
apartme;files/sDg9P87vmb8.jpg;Малобюджетная квартира;Строительство, ремонт
88sot;files/cBBu0nuKwaE.jpg;Гордость;Психология
ideadacha;files/YjsWl1JWmgQ.jpg;Дачные идеи;Открытая группа
4x4.offroad;files/e9AC2xXBrkg.jpg;Off-Road | Мир Внедорожников;Автовладельцы
bmw_official_club;files/yd-5LissVIc.jpg;BMW;Автомобили
remontevrop;files/AgEBZDhkReA.jpg;Евроремонт;Дизайн интерьера
asus;files/HIZPTeQXg30.jpg;ASUS Россия;Открытая группа
designes;files/X3H9SvR_hQ4_589.jpg;Творчество | Рукоделие;Дизайн интерьера
club54213443;files/MY4bT11j6Qw.jpg;Битва Зомби;Открытая группа
typical_nsk;files/4QguY_BsShU.jpg;Типичный Новосибирск;Городское сообщество
hformula;files/Fx4nqrZ9IXs.jpg;Формула здоровья;Здоровый образ жизни
rostovnadonu;files/am6aQplhYxY_395.jpg;Ростов Главный — новости Ростова-на-Дону;Городское сообщество
ryki_ne_iz_jopi;files/hSadlrrPbp8.jpg;"Руки не из жопы&amp;#33;";Строительство, ремонт
rukami_sdelal;files/yFwnCMVTR9E.jpg;"Руки - молодцы&amp;#33;";Строительство, ремонт
nokilogram;files/AbDS5xU3kQM.jpg;Фитнес Блог — питание / рецепты / упражнения;Здоровый образ жизни
avto_ekspert;files/8zaaPrnnZAg_84.jpg;АвтоЭксперт;Автомобили
vetsovet;files/p-ykJ4l7jJ0.jpg;Это я;Сайты
bez__kota;files/d_9b5754c0.jpg;"Без кота и жизнь не та &amp;#12484;";Домашние и дикие животные
taz.reshaet;files/3rChf0DcglU.jpg;Тазы решают (опер- ваз -авто);Автовладельцы
my.piter;files/FtCovU9KyVs_396.jpg;МОЙ ПИТЕР;Городское сообщество
gif.sportlife;files/WGGPl-ntoz8.jpg;Sport Life | UFC;Здоровый образ жизни
garage_expert;files/-Fp91zcS9HE_85.jpg;ОДНАЖДЫ В ГАРАЖЕ;Автомобили
project.garden;files/us_KIZM8T4s.jpg;Проект «GARDEN» дача | сад | огород;Садоводство
psywitz;files/nHy9aDARdf4.jpg;Психологи шутят;Психология
cm;files/vQkv6mXxcy8_820.jpg;Чат-менеджер;Открытая группа
typical_motorcyclist;files/dZIUPMl3LnQ_184.jpg;Типичный мотоциклист;Мототехника
trmsc;files/-CsUBiBh_mM.jpg;Музыка для Спорта (Тренировок);Здоровый образ жизни
ondom2;files/cKikPwdYi_w_853.jpg;Дом 2: новости и слухи;Сайты
elenakalen1;files/0NXLIMcWXio.jpg;Елена Кален;Открытая группа
vixfitness;files/T0lOZAmtCp4.jpg;ШКОЛА ПРАВИЛЬНОГО ПИТАНИЯ;Здоровый образ жизни
vezdexood;files/BA1GyvafXFc.jpg;Вездеходы;Автомобили
public94098607;files/IN6Zw6PWatU.jpg;Рецепты правильного питания;Здоровый образ жизни
crisis_club;files/TA6zoBn4EB0.jpg;"Игра «Кризис&amp;#33;» – официальная группа";Открытая группа
club21471361;files/7A18glQ9nF4.jpg;Дикий Запад;Открытая группа
coolmotor;files/_0pPjhP17B8.jpg;Крутые машины;Автомобили
sama_architektor;files/U89o3UHF8Co_590.jpg;Сама себе архитектор;Дизайн интерьера
public76787064;files/Otxo9Bpir84.jpg;Просто похудеть / Диеты•Фитнес;Здоровый образ жизни
super_cars;files/8uXn3exmgVQ.jpg;АВТО СССР;Автомобили
hitrosti_rem;files/rXYldV0kbgg.jpg;Хитрости Ремонта;Строительство, ремонт
