name;cifr;img
8 Марта;100;00.png
8 Марта;100;0_1ba2b9_2220d854_orig.png
8 Марта;100;0_8c7d0_6e9c3df5_M.png
8 Марта;100;0_706bb_498b984a_M.png
8 Марта;100;0_1775b7_8bd313d0_orig.png
8 Марта;100;01.png
8 Марта;100;02.png
8 Марта;100;03.png
8 Марта;100;04.png
8 Марта;100;07.png
8 Марта;100;08.png
8 Марта;100;8_March_Heart_Text_Decor_PNG_Clipart_Picture.png
8 Марта;100;8th_March_Red_Transparent_PNG_Clip_Art_Image.png
8 Марта;100;10.png
8 Марта;100;234941-P2R5BL-974.png
8 Марта;100;mart-1-.png
8 Марта;100;mart-2-.png
8 Марта;100;mart-3-.png
8 Марта;100;mart-14.png
