name;cifr;img;category
Персик ест сметану;5;256.jpg;Актуальные
Кот с блинами;5;256(1).jpg;Актуальные
Клевер;5;256(2).jpg;Актуальные
Шляпоторт;5;256(5).jpg;Актуальные
Бабочка;5;256(6).jpg;Актуальные
Куст;5;256(7).jpg;Актуальные
Пугало;5;256(13).jpg;Актуальные
Подснежник;5;256(14).jpg;Актуальные
Розовые сапоги;5;256(18).jpg;Актуальные
Верба в вазе;5;256(19).jpg;Актуальные
Блины с икрой;5;256(20).jpg;Актуальные
Соломенное чучело;5;256(21).jpg;Актуальные
Солнце;5;256(22).jpg;Актуальные
Мишка под зонтом;5;256(23).jpg;Актуальные
Медведь с блинами;5;256(24).jpg;Актуальные
Поющий цыпленок;5;256(25).jpg;Актуальные
Ландыши;5;256(26).jpg;Актуальные
Резиновый гусь;5;256(27).jpg;Актуальные
Конструктор Сердце;7;256(30).jpg;Романтика
14 февраля надпись;5;256(31).jpg;Романтика
Спотти с конвертом;5;256(32).jpg;Романтика
Роза;5;256(33).jpg;Романтика
Валентинка Love;5;256(34).jpg;Романтика
Зайчик с валентинкой;5;256(35).jpg;Романтика
14 февраля - варежки;5;256(36).jpg;Романтика
Воздушные шары;5;256(37).jpg;Романтика
Корзинка с цветами;5;256(16).jpg;Романтика
Букет тюльпанов;5;256(17).jpg;Романтика
Мишка под зонтом;5;256(23).jpg;Романтика
Бриллиант;20;256(38).jpg;Романтика
Свадебный торт;5;256(39).jpg;Романтика
Стыдливый баран;5;256(40).jpg;Романтика
Тюльпаны в вазе;5;256(41).jpg;Романтика
Обручальные кольца;5;256(42).jpg;Романтика
Шкатулка;5;256(43).jpg;Романтика
Птицы;5;256(44).jpg;Романтика
Ежик с сердцем;5;256(45).jpg;Романтика
Диадема;5;256(46).jpg;Романтика
Жемчужина;5;256(47).jpg;Романтика
Рубиновая роза;20;256(48).jpg;Романтика
Лилия с бабочкой;5;256(49).jpg;Романтика
Роза в горшке;5;256(50).jpg;Романтика
Ромашка;5;256(51).jpg;Романтика
Крылья ангела;5;256(52).jpg;Романтика
Туфелька;20;256(53).jpg;Романтика
Желтая лилия;5;256(54).jpg;Романтика
Красная роза;5;256(55).jpg;Романтика
Букет Калла;5;256(56).jpg;Романтика
Дицентра;5;256(57).jpg;Романтика
Орхидея;5;256(58).jpg;Романтика
Мишка с ромашкой;5;256(59).jpg;Романтика
Сапфировая фиалка;20;256(60).jpg;Романтика
Топазовая мимоза;5;256(61).jpg;Романтика
Гвоздики и розы;5;256(62).jpg;Романтика
Рубин;20;256(63).jpg;Романтика
Сердце-замок;5;256(64).jpg;Романтика
Букет роз;5;256(65).jpg;Романтика
Кровать-сердце;5;256(66).jpg;Романтика
Валентинка;5;256(67).jpg;Романтика
Летающая свинка;5;256(68).jpg;Романтика
Сердце-свеча;5;256(69).jpg;Романтика
Конфеты-сердце;5;256(70).jpg;Романтика
Значок любви;5;256(71).jpg;Романтика
Кольцо с бриллиантом;20;256(72).jpg;Романтика
Котенок с цветами;5;256(73).jpg;Романтика
Влюбленный енот;5;256(74).jpg;Романтика
Крокодил-амур;5;256(75).jpg;Романтика
Утята в свитере;5;256(76).jpg;Романтика
Мишка с плюшевым сердцем;5;256(77).jpg;Романтика
Жевачка LoveIs;5;256(78).jpg;Романтика
Чилийское сердце;5;256(79).jpg;Романтика
Рентген с сердцем;5;256(80).jpg;Романтика
Панда на сердце;5;256(81).jpg;Романтика
Кольцо в ракушке;20;256(82).jpg;Романтика
Кролик с шариком;5;256(83).jpg;Романтика
"Сердце &quot;прости&quot;";5;256(84).jpg;Романтика
Поцелуй;5;256(85).jpg;Романтика
Сердце-пазл;5;256(86).jpg;Романтика
Розовые наручники;5;256(87).jpg;Романтика
Влюбленный кот;5;256(88).jpg;Романтика
"Хомяк &quot;I Love You&quot;";5;256(89).jpg;Романтика
Начнем сначала?;5;256(90).jpg;Романтика
Мишка с букетом;5;256(91).jpg;Романтика
Стакан I love you;5;256(92).jpg;Романтика
Тост I Love You;5;256(93).jpg;Романтика
Собака с кистью;5;256(94).jpg;Романтика
Письмо;5;256(95).jpg;Романтика
Конструктор 8 марта;7;256(96).jpg;Романтика
Слоник;5;256(97).jpg;Романтика
Мороженое;5;256(98).jpg;Романтика
Малыш Купидон;5;256(99).jpg;Романтика
Сеня;5;256(100).jpg;Романтика
Медвежонок с валентинкой;5;256(101).jpg;Романтика
Шарики Happy Birthday;5;256(102).jpg;День рождения
Персик с шариком;5;256(103).jpg;День рождения
Персик из торта;5;256(104).jpg;День рождения
Черепашка;5;256(105).jpg;День рождения
Ласка;5;256(106).jpg;День рождения
Панда с шариком;5;256(107).jpg;День рождения
Зайка;5;256(108).jpg;День рождения
Торт с капкейком;5;256(109).jpg;День рождения
Кот с тортом;5;256(110).jpg;День рождения
Луна;5;256(111).jpg;День рождения
Happy birthday!;5;256(112).jpg;День рождения
Торт-единорог;5;256(113).jpg;День рождения
Коробки с подарками;5;256(114).jpg;День рождения
Торт-сердце;5;256(115).jpg;День рождения
Герберы;5;256(116).jpg;День рождения
Фруктовый торт;5;256(117).jpg;День рождения
Клубничный торт;5;256(118).jpg;День рождения
Шоколадный торт;5;256(119).jpg;День рождения
Розовая корзинка;5;256(120).jpg;День рождения
Вишнёвый пирог;5;256(121).jpg;День рождения
Радужный торт;5;256(122).jpg;День рождения
Сладкий букет;5;256(123).jpg;День рождения
Торт с сердцем;5;256(124).jpg;День рождения
Черничный пирог;5;256(125).jpg;День рождения
Малиновый торт;5;256(126).jpg;День рождения
Торт с платьем;5;256(127).jpg;День рождения
Торт с костюмом;5;256(128).jpg;День рождения
Лаймовый торт;5;256(129).jpg;День рождения
Клубничный торт;5;256(130).jpg;День рождения
Кремовый десерт;5;256(131).jpg;День рождения
Желейный торт;5;256(132).jpg;День рождения
Желтые вишни;5;256(133).jpg;День рождения
Торт со свечками;5;256(134).jpg;День рождения
С днем варенья;5;256(135).jpg;День рождения
"Собака &quot;С Днем Рождения&quot;";5;256(136).jpg;День рождения
"Машинка &quot;С Днем Рождения&quot;";5;256(137).jpg;День рождения
Жираф с подарком;5;256(138).jpg;День рождения
Собака в свитере;5;256(139).jpg;День рождения
Такса;5;256(140).jpg;День рождения
Собака с кексом;5;256(141).jpg;День рождения
Солдатик с подарком;5;256(142).jpg;День рождения
Единорог с подарком;5;256(143).jpg;День рождения
Собака с шариком;5;256(144).jpg;День рождения
Кекс Happy Birthday;5;256(145).jpg;День рождения
Кот в свитере;5;256(146).jpg;День рождения
Мышка с сыром;5;256(147).jpg;День рождения
Робот с подарком;5;256(148).jpg;День рождения
Птичка Happy Birthday;5;256(149).jpg;День рождения
Пёс Happy Birthday;5;256(150).jpg;День рождения
Пингвин с тортиком;5;256(151).jpg;День рождения
Котэ с рыбкой;5;256(152).jpg;Дружба
Орех;5;256(153).jpg;Дружба
Поросенок Пётр;5;256(154).jpg;Дружба
Какашка;5;256(155).jpg;Дружба
Медведь с блинами;5;256(24).jpg;Дружба
Футбольный мяч;5;256(156).jpg;Дружба
Солнечный цыпленок;5;256(157).jpg;Дружба
Слон-путешественник;5;256(158).jpg;Дружба
Бегемот в бассейне;5;256(159).jpg;Дружба
Таблетки;5;256(160).jpg;Дружба
Резиновый гусь;5;256(27).jpg;Дружба
Слиток золота;5;256(161).jpg;Дружба
Шампанское;5;256(162).jpg;Дружба
Саблезубая белка;5;256(163).jpg;Дружба
Сундук с сокровищами;5;256(164).jpg;Дружба
Конфедератка;5;256(165).jpg;Дружба
Теленок;5;256(166).jpg;Дружба
Мамонтенок;5;256(167).jpg;Дружба
Овца на воздушных шариках;5;256(168).jpg;Дружба
Мозг на подставке;5;256(169).jpg;Дружба
Клубника на грузовике;5;256(170).jpg;Дружба
Манул;5;256(171).jpg;Дружба
Соска;5;256(172).jpg;Дружба
Резиновая утка;5;256(173).jpg;Дружба
Тукан;5;256(174).jpg;Дружба
Бобер;5;256(175).jpg;Дружба
Гусеница;5;256(176).jpg;Дружба
Чемодан с деньгами;20;256(177).jpg;Дружба
Гигантский банан;5;256(178).jpg;Дружба
Скунс в противогазе;5;256(179).jpg;Дружба
Флаг Белоруссии;5;256(180).jpg;Дружба
Тапки;5;256(181).jpg;Дружба
Красные туфли;5;256(182).jpg;Дружба
Динамит;5;256(183).jpg;Дружба
Премия Оскар;5;256(184).jpg;Дружба
Кирпич;5;256(185).jpg;Дружба
Красный феррари;20;256(186).jpg;Дружба
Коктейль;5;256(187).jpg;Дружба
Губная помада;5;256(188).jpg;Дружба
Вантуз;5;256(189).jpg;Дружба
Чудик;5;256(190).jpg;Дружба
Бейсбольная бита;5;256(191).jpg;Дружба
Гитара;5;256(192).jpg;Дружба
Заяц с топором;5;256(193).jpg;Дружба
Кубок чемпиона;5;256(194).jpg;Дружба
Самолет;5;256(195).jpg;Дружба
Божья коровка;5;256(196).jpg;Дружба
Флаг Армении;5;256(197).jpg;Дружба
Сейф с деньгами;5;256(198).jpg;Дружба
Тапки по почте;5;256(199).jpg;Дружба
Йети;5;256(200).jpg;Дружба
Зачетная книжка;5;256(201).jpg;Дружба
Пиратская шляпа;5;256(202).jpg;Дружба
Сумочка;5;256(203).jpg;Дружба
Розовый Фольксваген;5;256(204).jpg;Дружба
Кукушка;5;256(205).jpg;Дружба
Мыло;5;256(206).jpg;Дружба
Рояль;5;256(207).jpg;Дружба
Одноглазая штука;5;256(208).jpg;Дружба
Собака-улыбака;5;256(209).jpg;Дружба
Квадратный лимон;5;256(210).jpg;Дружба
Троянский конь;5;256(211).jpg;Дружба
Красные туфли;5;256(212).jpg;Дружба
Гантель;5;256(213).jpg;Дружба
Ламборгини;20;256(214).jpg;Дружба
Пакман;5;256(215).jpg;Дружба
Семки;5;256(216).jpg;Дружба
Кукуруза;5;256(217).jpg;Дружба
Трехколесный велосипед;5;256(218).jpg;Дружба
Таблетки от жадности;5;256(219).jpg;Дружба
Граммофон;5;256(220).jpg;Дружба
Птичка в чашке;5;256(221).jpg;Дружба
Женский нож;5;256(222).jpg;Дружба
Долгопят;5;256(223).jpg;Дружба
Соль;5;256(224).jpg;Дружба
Вертушка;5;256(225).jpg;Дружба
Игральные кости;5;256(226).jpg;Дружба
Антидепрессанты;5;256(227).jpg;Дружба
Кот со сгущенкой;5;256(228).jpg;Дружба
Бумажный журавль;5;256(229).jpg;Дружба
Утка в шапке;5;256(230).jpg;Дружба
Эмо-овца;5;256(231).jpg;Дружба
Кукла Вуду;5;256(232).jpg;Дружба
Кружка-корова;5;256(233).jpg;Дружба
Вязаный жираф;5;256(234).jpg;Дружба
Заячьи уши;5;256(235).jpg;Дружба
Лисёнок;5;256(236).jpg;Дружба
Пингвинёнок;5;256(237).jpg;Дружба
Морской котик;5;256(238).jpg;Дружба
Флаг Франции;5;256(239).jpg;Дружба
Флаг Италии;5;256(240).jpg;Дружба
Флаг Америки;5;256(241).jpg;Дружба
Флаг Германии;5;256(242).jpg;Дружба
Флаг Англии;5;256(243).jpg;Дружба
Флаг Японии;5;256(244).jpg;Дружба
Флаг Греции;5;256(245).jpg;Дружба
Флаг Канады;5;256(246).jpg;Дружба
Флаг Египта;5;256(247).jpg;Дружба
Флаг Китая;5;256(248).jpg;Дружба
Флаг Туниса;5;256(249).jpg;Дружба
Флаг Сомали;5;256(250).jpg;Дружба
Аист;5;256(251).jpg;Дружба
Тигр;5;256(252).jpg;Дружба
Хомяк с печенькой;5;256(253).jpg;Дружба
Большой палец;5;256(254).jpg;Дружба
Смайл;5;256(255).jpg;Дружба
Trololo guy;5;256(256).jpg;Дружба
LOL guy;5;256(257).jpg;Дружба
Okay guy;5;256(258).jpg;Дружба
Shy guy;5;256(259).jpg;Дружба
No guy;5;256(260).jpg;Дружба
Fuck yeah;5;256(261).jpg;Дружба
Enraptured guy;5;256(262).jpg;Дружба
Собака с мячом;5;256(263).jpg;Дружба
Собака с языком;5;256(264).jpg;Дружба
Рыба с ракеткой;5;256(265).jpg;Дружба
Крокодил с кругом;5;256(266).jpg;Дружба
Штаб VK;5;256(267).jpg;Дружба
Лев c флагом украины;5;256(268).jpg;Дружба
Бегемот с бабочкой;5;256(269).jpg;Дружба
Кот с удочкой;5;256(270).jpg;Дружба
Кот с мышами;5;256(271).jpg;Дружба
Кот скучает;5;256(272).jpg;Дружба
Заварочный чайник;5;256(273).jpg;Дружба
Панда с эвкалиптом;5;256(274).jpg;Дружба
Толстая собака;5;256(275).jpg;Дружба
Кот с пультом;5;256(276).jpg;Дружба
Пиратский корабль;5;256(277).jpg;Дружба
Кубик Рубика;5;256(278).jpg;Дружба
Полицейская машина;5;256(279).jpg;Дружба
Джойстик PS3;5;256(280).jpg;Дружба
Собака-подозревака;5;256(281).jpg;Дружба
Хотдог с динамитом;5;256(282).jpg;Дружба
Маска с носом;5;256(283).jpg;Дружба
Странный кот;5;256(284).jpg;Дружба
Котопес;5;256(285).jpg;Дружба
Джентельмен в шляпе;5;256(286).jpg;Дружба
Панда;5;256(287).jpg;Дружба
Белка и Стрелка;5;256(288).jpg;Дружба
Космонавт с флажком;5;256(289).jpg;Дружба
Печенька в кофе;5;256(290).jpg;Дружба
Чашка кофе;5;256(291).jpg;Дружба
Медведь-пират;5;256(292).jpg;Дружба
Мотоцикл;5;256(293).jpg;Дружба
Спящий котёнок;5;256(294).jpg;Дружба
Спящий мишка;5;256(295).jpg;Дружба
Будильник;5;256(296).jpg;Дружба
Кит с мячом;5;256(297).jpg;Дружба
Флаг Бразилии;5;256(298).jpg;Дружба
Тигр в коробке;5;256(299).jpg;Дружба
Волшебная палочка;5;256(300).jpg;Дружба
Лиса со словарем;5;256(301).jpg;Дружба
Медный всадник;5;256(302).jpg;Дружба
Санкт-Петербург 1703;5;256(303).jpg;Дружба
Ростральная колонна;5;256(304).jpg;Дружба
Назад в будущее: Кроссовки;5;256(305).jpg;Дружба
Назад в будущее: Ховерборд;5;256(306).jpg;Дружба
Трамп;5;256(307).jpg;Дружба
Конструктор 8 марта;7;256(96).jpg;Премиум
Конструктор Сердце;7;256(30).jpg;Премиум
Чемодан с деньгами;20;256(177).jpg;Премиум
Красный феррари;20;256(186).jpg;Премиум
Ламборгини;20;256(214).jpg;Премиум
Кольцо в ракушке;20;256(82).jpg;Премиум
Рубин;20;256(63).jpg;Премиум
Бриллиант;20;256(38).jpg;Премиум
Рубиновая роза;20;256(48).jpg;Премиум
Туфелька;20;256(53).jpg;Премиум
Сапфировая фиалка;20;256(60).jpg;Премиум
Кольцо с бриллиантом;20;256(72).jpg;Премиум
