param;filter;value2;value3
Виртуальный секс;celi-znakomstva;виртуального секса;
встречи;celi-znakomstva;встреч;
дружба и общение;celi-znakomstva;дружбы и общения;
любовь и отношения;celi-znakomstva;любови и отношений;
Обмен фото и видео;celi-znakomstva;обмена фото и видео;
переписка;celi-znakomstva;переписки;
Реальный секс;celi-znakomstva;реального секса;
совместные путешествия;celi-znakomstva;совместного путешествия;
создание семьи;celi-znakomstva;создания семьи;
Рыжий;cvet-volos;рыжие;
Светлый;cvet-volos;светлые;
Седой;cvet-volos;седые;
Темный;cvet-volos;темные;
аккуратный;harakter;аккуратным;
вежливый;harakter;вежливым;
верный;harakter;верным;
весёлый;harakter;весёлым;
влюбчивый;harakter;влюбчивым;
внимательный;harakter;внимательным;
воспитанный;harakter;воспитанным;
гордый;harakter;гордым;
добрый;harakter;добрым;
доверчивый;harakter;доверчивым;
дружелюбный;harakter;дружелюбным;
заботливый;harakter;заботливым;
застенчивый;harakter;застенчивым;
легкомысленный;harakter;легкомысленным;
надёжный;harakter;надёжным;
нежный;harakter;нежным;
нервный;harakter;нервным;
обидчивый;harakter;обидчивым;
оптимистичный;harakter;оптимистичным;
покладистый;harakter;покладистым;
пошлый;harakter;пошлым;
пунктуальный;harakter;пунктуальным;
ранимый;harakter;ранимым;
ревнивый;harakter;ревнивым;
решительный;harakter;решительным;
романтичный;harakter;романтичным;
смелый;harakter;смелым;
собственник;harakter;собственником;
справедливый;harakter;справедливым;
терпеливый;harakter;терпеливым;
трудолюбивый;harakter;трудолюбивым;
упрямый;harakter;упрямым;
хитрый;harakter;хитрым;
целеустремленный;harakter;целеустремлённым;
честный;harakter;честным;
чистоплотный;harakter;чистоплотным;
эгоистичный;harakter;эгоистичным;
энергичный;harakter;энергичным;
авиация;interesy;авиацией;
автомобили;interesy;автомобилями;
алкоголь;interesy;алкоголем;
баня;interesy;баней ;
бизнес;interesy;бизнесом;
бильярд;interesy;бильярдом;
воспитание детей;interesy;воспитанием детей;
дача;interesy;дачей ;
домашние животные;interesy;домашним животным;
живопись/рисование;interesy;живописью;
игры;interesy;играми;
интернет;interesy;интернетом;
йога;interesy;йогой;
караоке;interesy;караоке;
кино;interesy;кино;
клубы;interesy;клубом;
коллекционирование;interesy;коллекционированием;
компьютеры;interesy;компьютером;
кулинария;interesy;кулинарией;
лыжи;interesy;лыжами;
массаж;interesy;массажем;
мода;interesy;модой ;
моделирование;interesy;моделированием;
мотоциклы;interesy;мотоциклами;
музыка;interesy;музыкой;
охота;interesy;охотой ;
пиво;interesy;пивом;
плавание;interesy;плаванием;
политика;interesy;политикой;
поэзия;interesy;поэзией;
программирование;interesy;программированием;
путешествия;interesy;путешествием;
религия;interesy;религией;
рукоделие;interesy;рукоделием;
рыбалка;interesy;рыбалкой;
сон;interesy;сном;
спорт;interesy;спортом;
танцы;interesy;танцем;
тату;interesy;тату;
фотография;interesy;фотографией;
футбол;interesy;футболом;
хоккей;interesy;хоккеем;
чтение книг;interesy;чтением  книг;
шопинг;interesy;шопингом;
Девушку;kogo-ishchu;девушку;девушек
Женщину;kogo-ishchu;женщину;женщин
Мужчину;kogo-ishchu;мужчину;мужчин
Парня;kogo-ishchu;парня;парней
Пару;kogo-ishchu;пару;пар
готов стать спонсором;materialnoe-polozhenie;;готовые стать спонсором
ищу спонсора;materialnoe-polozhenie;;ищут спонсора
не нуждаюсь в спонсоре;materialnoe-polozhenie;;не нуждаются в спонсоре
Авиамоторная;metro;Авиамоторной;
Автозаводская;metro;Автозаводской;
Академическая;metro;Академической;
Александровский сад;metro;Александровском саду;
Алексеевская;metro;Алексеевской;
Алма;metro;Алме;
Алтуфьево;metro;Алтуфьево;
Андроновка;metro;Андроновке;
Аннино;metro;Аннино;
Арбатская;metro;Арбатской;
Аэропорт;metro;Аэропорте;
Бабушкинская;metro;Бабушкинской;
Багратионовская;metro;Багратионовской;
Балтийская;metro;Балтийской;
Баррикадная;metro;Баррикадной;
Бауманская;metro;Бауманской;
Беговая;metro;Беговой;
Белокаменная;metro;Белокаменной;
Белорусская;metro;Белорусской;
Беляево;metro;Беляево;
Бибирево;metro;Бибирево;
Библиотека имени Ленина;metro;Библиотеке имени Ленина;
Битцевский парк;metro;Битцевском парке;
Борисово;metro;Борисово;
Боровицкая;metro;Боровицкой;
Ботанический сад;metro;Ботаническом саду;
Братиславская;metro;Братиславской;
Бульвар адмирала Ушакова;metro;Бульваре адмирала Ушакова;
Бульвар Дмитрия Донского;metro;Бульваре Дмитрия Донского;
Бульвар Рокоссовского;metro;Бульваре Рокоссовского;
Бунинская Аллея;metro;Бунинской Аллее;
Бутырская;metro;Бутырской;
Варшавская;metro;Варшавской;
ВДНХ;metro;ВДНХ;
Верхние Котлы;metro;Верхних Котлах;
Верхние Лихоборы;metro;Верхних Лихоборах;
Владыкино;metro;Владыкино;
Водный стадион;metro;Водном стадионе;
Войковская;metro;Войковской;
Волгоградский проспект;metro;Волгоградском проспекте;
Волжская;metro;Волжской;
Волоколамская;metro;Волоколамской;
Воробьевы горы;metro;Воробьевых горах;
Выставочная;metro;Выставочной;
Выставочный центр;metro;Выставочном центре;
Выхино;metro;Выхино;
Деловой центр;metro;Деловом центре;
Динамо;metro;Динамо;
Дмитровская;metro;Дмитровской;
Добрынинская;metro;Добрынинской;
Домодедовская;metro;Домодедовской;
Достоевская;metro;Достоевской;
Дубровка;metro;Дубровке;
Жулебино;metro;Жулебино;
Зорге;metro;Зорге;
Зябликово;metro;Зябликово;
Измайлово;metro;Измайлово;
Измайловская;metro;Измайловской;
Калужская;metro;Калужской;
Кантемировская;metro;Кантемировской;
Каховская;metro;Каховской;
Каширская;metro;Каширской;
Киевская;metro;Киевской;
Китай;metro;Китае;
Кожуховская;metro;Кожуховской;
Коломенская;metro;Коломенской;
Комсомольская;metro;Комсомольской;
Коньково;metro;Коньково;
Коптево;metro;Коптево;
Котельники;metro;Котельниках;
Красногвардейская;metro;Красногвардейской;
Краснопресненская;metro;Краснопресненской;
Красносельская;metro;Красносельской;
Красные ворота;metro;Красных воротах;
Крестьянская застава;metro;Крестьянской заставе;
Кропоткинская;metro;Кропоткинской;
Крылатское;metro;Крылатской;
Крымская;metro;Крымской;
Кузнецкий мост;metro;Кузнецком мосту;
Кузьминки;metro;Кузьминках;
Кунцевская;metro;Кунцевской;
Курская;metro;Курской;
Кутузовская;metro;Кутузовской;
Ленинский проспект;metro;Ленинском проспекте;
Лермонтовский проспект;metro;Лермонтовском проспекте;
Лесопарковая;metro;Лесопарковой;
Лихоборы;metro;Лихоборах;
Локомотив;metro;Локомотиве;
Ломоносовский проспект;metro;Ломоносовском проспекте;
Лубянка;metro;Лубянке;
Лужники;metro;Лужниках;
Люблино;metro;Люблино;
Марксистская;metro;Марксистской;
Марьина роща;metro;Марьиной роще;
Марьино;metro;Марьино;
Маяковская;metro;Маяковской;
Медведково;metro;Медведково;
Международная;metro;Международной;
Менделеевская;metro;Менделеевской;
Минская;metro;Минской;
Митино;metro;Митино;
Молодежная;metro;Молодежной;
Мякинино;metro;Мякинино;
Нагатинская;metro;Нагатинской;
Нагорная;metro;Нагорной;
Нахимовский Проспект;metro;Нахимовском Проспекте;
Нижегородская;metro;Нижегородской;
Новогиреево;metro;Новогиреево;
Новокосино;metro;Новокосино;
Новокузнецкая;metro;Новокузнецкой;
Новослободская;metro;Новослободской;
Новохохловская;metro;Новохохловской;
Новоясеневская;metro;Новоясеневской;
Новые Черёмушки;metro;Новых Черёмушках;
Окружная;metro;Окружной;
Октябрьская;metro;Октябрьской;
Октябрьское поле;metro;Октябрьском поле;
Орехово;metro;Орехово;
Отрадное;metro;Отрадном;
Охотный ряд;metro;Охотный ряд;
Павелецкая;metro;Павелецкой;
Панфиловская;metro;Панфиловской;
Парк Культуры;metro;Парке Культуры;
Парк Победы;metro;Парке Победы;
Партизанская;metro;Партизанской;
Первомайская;metro;Первомайской;
Перово;metro;Перово;
Петровский парк;metro;Петровском парке;
Петровско;metro;Петровской;
Печатники;metro;Печатниках;
Пионерская;metro;Пионерской;
Планерная;metro;Планерной;
Площадь Гагарина;metro;Площади Гагарина;
Площадь Ильича;metro;Площади Ильича;
Площадь Революции;metro;Площади Революции;
Полежаевская;metro;Полежаевской;
Полянка;metro;Полянке;
Пражская;metro;Пражской;
Преображенская площадь;metro;Преображенской площади;
Пролетарская;metro;Пролетарской;
Проспект Вернадского;metro;Проспекте Вернадского;
Проспект Мира;metro;Проспекте Мира;
Профсоюзная;metro;Профсоюзной;
Пушкинская;metro;Пушкинской;
Пятницкое шоссе;metro;Пятницком шоссе;
Раменки;metro;Раменках;
Речной вокзал;metro;Речном вокзале;
Рижская;metro;Рижской;
Римская;metro;Римской;
Ростокино;metro;Ростокино;
Румянцево;metro;Румянцево;
Рязанский проспект;metro;Рязанском проспект;
Савеловская;metro;Савеловской;
Саларьево;metro;Саларьево;
Свиблово;metro;Свиблово;
Севастопольская;metro;Севастопольской;
Селигерская;metro;Селигерской;
Семеновская;metro;Семеновской;
Серпуховская;metro;Серпуховской;
Славянский бульвар;metro;Славянском бульваре;
Смоленская;metro;Смоленской;
Сокол;metro;Сокол;
Соколиная Гора;metro;Соколиной Горе;
Сокольники;metro;Сокольниках;
Спартак;metro;Спартаке;
Спортивная;metro;Спортивной;
Сретенский бульвар;metro;Сретенском бульваре;
Стрешнево;metro;Стрешнево;
Строгино;metro;Строгино;
Студенческая;metro;Студенческой;
Сухаревская;metro;Сухаревской;
Сходненская;metro;Сходненской;
Таганская;metro;Таганской;
Тверская;metro;Тверской;
Театральная;metro;Театральной;
Текстильщики;metro;Текстильщиках;
Телецентр;metro;Телецентре;
Теплый стан;metro;Теплом стане;
Технопарк;metro;Технопарке;
Тимирязевская;metro;Тимирязевской;
Третьяковская;metro;Третьяковской;
Тропарёво;metro;Тропарёво;
Трубная;metro;Трубной;
Тульская;metro;Тульской;
Тургеневская;metro;Тургеневской;
Тушинская;metro;Тушинской;
Угрешская;metro;Угрешской;
Улица 1905 года;metro;Улице 1905 года;
Улица Академика Королёва;metro;Улице Академика Королёва;
Улица академика Янгеля;metro;Улице академика Янгеля;
Улица Горчакова;metro;Улице Горчакова;
Улица Милашенкова;metro;Улице Милашенкова;
Улица Сергея Эйзенштейна;metro;Улице Сергея Эйзенштейна;
Улица Скобелевская;metro;Улице Скобелевская;
Улица Старокачаловская;metro;Улице Старокачаловская;
Университет;metro;Университете;
Филевский парк;metro;Филевском парке;
Фили;metro;Фили;
Фонвизинская;metro;Фонвизинской;
Фрунзенская;metro;Фрунзенской;
Ховрино;metro;Ховрино;
Хорошёво;metro;Хорошёво;
Хорошёвская;metro;Хорошёвской;
Царицыно;metro;Царицыно;
Цветной бульвар;metro;Цветном бульваре;
ЦСКА;metro;ЦСКА;
Черкизовская;metro;Черкизовской;
Чертановская;metro;Чертановской;
Чеховская;metro;Чеховской;
Чистые пруды;metro;Чистых прудах;
Чкаловская;metro;Чкаловской;
Шаболовская;metro;Шаболовской;
Шелепиха;metro;Шелепихе;
Шипиловская;metro;Шипиловской;
Шоссе Энтузиастов;metro;Шоссе Энтузиастов;
Щелковская;metro;Щелковской;
Щукинская;metro;Щукинской;
Электрозаводская;metro;Электрозаводской;
Юго-западная;metro;Юго-западной;
Южная;metro;Южной;
Ясенево;metro;Ясенево;
Азиатка;nacionalnost;азиатки;азиаток
Американка;nacionalnost;американки;американок
Арабка;nacionalnost;арабки;арабок
Армянка;nacionalnost;армянки;армянок
Вьетнамка;nacionalnost;вьетнамки;вьетнамок
Китаянка;nacionalnost;китаянки;китаянок
Мулатка;nacionalnost;мулатки;мулаток
Негритянка;nacionalnost;негритянки;негритянок
Русская;nacionalnost;русские;русских
Таджичка;nacionalnost;таджички;таджичек
Тайка;nacionalnost;тайки;таек
Узбечка;nacionalnost;узбечки;узбечек
Украинка;nacionalnost;украинки;украинок
Чешка;nacionalnost;чешки;чешек
Японка;nacionalnost;японки;японок
высшее;obrazovanie;высшим;
неполное высшее;obrazovanie;неполным высшим;
несколько высших;obrazovanie;несколькими высшими;
среднее;obrazovanie;средним;
среднее специальное;obrazovanie;средним специальным;
ученая степень;obrazovanie;учёной степенью;
Бисексуал;orientaciya ;бисексуальной;
Бисексуалка;orientaciya ;бисексуальной;
Гей;orientaciya ;гей;
Гетеро;orientaciya ;гетеро;
Гетеро;orientaciya ;гетеро;
Лесбиянка;orientaciya ;лесби;
Женщина;pol;женщины;
Мужчина;pol;мужчины;
Пара;pol;пары;
seo-специалист;profesiya;seo-специалистом;
web-дизайнер;profesiya;web-дизайнером;
автомеханик;profesiya;автомехаником;
автомойщик;profesiya;автомойщиком;
автослесарь;profesiya;автослесарем;
автоэлектрик;profesiya;автоэлектриком;
агент по туризму;profesiya;агентом по туризму;
агроном;profesiya;агрономом;
адвокат;profesiya;адвокатом;
администратор;profesiya;администратором;
актер;profesiya;актёром;
акушер;profesiya;акушером;
альпинист;profesiya;альпинистом;
аналитик;profesiya;аналитиком;
анестезиолог;profesiya;анестезиологом;
аниматор;profesiya;аниматором;
аппаратчик;profesiya;аппаратчиком;
арт-директор;profesiya;арт-директором;
артист;profesiya;артистом;
археолог;profesiya;археологом;
архитектор;profesiya;архитектором;
ассистент менеджера;profesiya;ассистентом менеджера;
аудитор;profesiya;аудитором;
банкир;profesiya;банкиром;
бармен;profesiya;барменом;
бетонщик;profesiya;бетонщиком;
библиограф;profesiya;библиографом;
библиотекарь;profesiya;библиотекарем;
бизнес-аналитик;profesiya;бизнес-аналитиком;
бизнес-консультант;profesiya;бизнес-консультантом;
бизнес-тренер;profesiya;бизнес-тренером;
биоинженер;profesiya;биоинженером;
биолог;profesiya;биологом;
биофизик;profesiya;биофизиком;
биохимик;profesiya;биохимиком;
блогер;profesiya;блогером;
бортмеханик;profesiya;бортмехаником;
бортпроводник;profesiya;бортпроводником;
ботаник;profesiya;ботаником;
бренд-менеджер;profesiya;бренд-менеджером;
бригадир;profesiya;бригадиром;
брокер;profesiya;брокером;
бурильщик;profesiya;бурильщиком;
бухгалтер;profesiya;бухгалтером;
вальцовщик;profesiya;вальцовщиком;
вахтер;profesiya;вахтёром;
ведущий;profesiya;ведущим;
ведущий специалист;profesiya;ведущим специалистом;
венеролог;profesiya;венерологом;
верстальщик;profesiya;верстальщиком;
весовщик;profesiya;весовщиком;
ветеринар;profesiya;ветеринаром;
взрывник;profesiya;взрывником;
визажист;profesiya;визажистом;
винодел;profesiya;виноделом;
вирусолог;profesiya;вирусологом;
водитель;profesiya;водителем;
водолаз;profesiya;водолазом;
военнослужащий;profesiya;военнослужащим;
волонтер;profesiya;волонтёром;
воспитатель;profesiya;воспитателем;
востоковед;profesiya;востоковедом;
врач скорой помощи;profesiya;врачом скорой помощи;
вышивальщица;profesiya;вышивальщицей;
гальваник;profesiya;гальваником;
гардеробщик;profesiya;гардеробщиком;
географ;profesiya;географом;
геодезист;profesiya;геодезистом;
геолог;profesiya;геологом;
геоэколог;profesiya;геоэкологом;
гид;profesiya;гидом;
гидролог;profesiya;гидрологом;
гинеколог;profesiya;гинекологом;
грузчик;profesiya;грузчиком;
дворник;profesiya;дворником;
дегустатор;profesiya;дегустатором;
дежурный;profesiya;дежурным;
делопроизводитель;profesiya;делопроизводителем;
дерматовенеролог;profesiya;дерматовенерологом;
дерматолог;profesiya;дерматологом;
детектив;profesiya;детективом;
дефектолог;profesiya;дефектологом;
диагност;profesiya;диагностом;
диджей;profesiya;диджеем;
диетолог;profesiya;диетологом;
дизайнер;profesiya;дизайнером;
дизайнер интерьера;profesiya;дизайнером интерьера;
диктор;profesiya;диктором;
директор;profesiya;директором;
диспетчер;profesiya;диспетчером;
дистрибутор;profesiya;дистрибутором;
дорожный инспектор;profesiya;дорожный инспектором;
дорожный рабочий;profesiya;дорожным рабочим;
доярка;profesiya;дояркой;
драпировщик;profesiya;драпировщиком;
дробильщик;profesiya;дробильщиком;
егерь;profesiya;егерем;
животновод;profesiya;животноводом;
журналист;profesiya;журналистом;
заведующий;profesiya;заведующим;
заведующий складом;profesiya;заведующим складом;
завхоз;profesiya;завхозом;
заготовщик;profesiya;заготовщиком;
закройщик;profesiya;закройщиком;
закройщик;profesiya;закройщиком;
заправщик;profesiya;заправщиком;
звукооператор;profesiya;звукооператором;
звукорежиссер;profesiya;звукорежиссёром;
землеустроитель;profesiya;землеустроителем;
зоолог;profesiya;зоологом;
зубной техник;profesiya;зубным техником;
издатель;profesiya;издателем;
изолировщик;profesiya;изолировщиком;
иллюстратор;profesiya;иллюстратором;
имиджмейкер;profesiya;имиджмейкером;
иммунолог;profesiya;иммунологом;
инженер;profesiya;инженером;
инкассатор;profesiya;инкассатором;
инструктор;profesiya;инструктором;
инфекционист;profesiya;инфекционистом;
искусствовед;profesiya;искусствоведом;
испытатель;profesiya;испытателем;
историк;profesiya;историком;
каменщик;profesiya;каменщиком;
кардиолог;profesiya;кардиологом;
кардиохирург;profesiya;кардиохирургом;
картограф;profesiya;картографом;
каскадер;profesiya;каскадёром;
кассир;profesiya;кассиром;
кассир-операционист;profesiya;кассиром-операционистом;
киберспортсмен;profesiya;киберспортсменом;
кинолог;profesiya;кинологом;
киномеханик;profesiya;киномехаником;
кинооператор;profesiya;кинооператором;
кинорежиссер;profesiya;кинорежиссёром;
кладовщик;profesiya;кладовщиком;
коллектор;profesiya;коллектором;
колорист;profesiya;колористом;
комбайнер;profesiya;комбайнером;
комендант;profesiya;комендантом;
композитор;profesiya;композитором;
кондитер;profesiya;кондитером;
кондуктор;profesiya;кондуктором;
конструктор;profesiya;конструктором;
консультант;profesiya;консультантом;
контент-менеджер;profesiya;контент-менеджером;
контролер;profesiya;контролёром;
копирайтер;profesiya;копирайтером;
корректор;profesiya;корректором;
косметолог;profesiya;косметологом;
крановщик;profesiya;крановщиком;
красильщик;profesiya;красильщиком;
краснодеревщик;profesiya;краснодеревщиком;
крепильщик;profesiya;крепильщиком;
криминалист;profesiya;криминалистом;
критик;profesiya;критиком;
кровельщик;profesiya;кровельщиком;
крупье;profesiya;крупье;
кузнец;profesiya;кузнецом;
кузовщик;profesiya;кузовщиком;
культуролог;profesiya;культурологом;
курьер;profesiya;курьером;
лаборант;profesiya;лаборантом;
ландшафтный дизайнер;profesiya;ландшафтным дизайнером;
лесник;profesiya;лесником;
лесоруб;profesiya;лесорубом;
летчик;profesiya;лётчиком;
лингвист;profesiya;лингвистом;
литейщик;profesiya;литейщиком;
лифтер;profesiya;лифтёром;
лоббист;profesiya;лоббистом;
логист;profesiya;логистом;
логопед;profesiya;логопедом;
лор;profesiya;лором;
лоцман;profesiya;лоцманом;
маклер;profesiya;маклером;
маляр;profesiya;маляром;
маляр-штукатур;profesiya;маляр-штукатуром;
манекенщица;profesiya;манекенщицей;
маркетолог;profesiya;маркетологом;
маркшейдер;profesiya;маркшейдером;
массажист;profesiya;массажистом;
мастер;profesiya;мастером;
мастер леса;profesiya;мастером леса;
мастер по маникюру;profesiya;мастером по маникюру;
мастер-приемщик;profesiya;мастером-приёмщиком;
математик;profesiya;математиком;
матрос;profesiya;матросом;
машинист;profesiya;машинистом;
машинистка;profesiya;машинисткой;
медицинская сестра;profesiya;медицинской сестрой;
медрегистратор;profesiya;медрегистратором;
менеджер;profesiya;менеджером;
мерчендайзер;profesiya;мерчендайзером;
металлург;profesiya;металлургом;
методист;profesiya;методистом;
механизатор;profesiya;механизатором;
механик;profesiya;механиком;
микробиолог;profesiya;микробиологом;
милиционер;profesiya;милиционером;
модель;profesiya;моделью;
модельер;profesiya;модельером;
модератор;profesiya;модератором;
мойщик;profesiya;мойщиком;
монолитчик;profesiya;монолитчиком;
монтажник;profesiya;монтажником;
монтажник-высотник;profesiya;монтажником-высотником;
монтер;profesiya;монтером;
моряк;profesiya;моряком;
моторист;profesiya;мотористом;
музыкант;profesiya;музыкантом;
мультипликатор;profesiya;мультипликатором;
мясник;profesiya;мясником;
наладчик;profesiya;наладчиком;
налоговый инспектор;profesiya;налоговым инспектором;
нарколог;profesiya;наркологом;
нарядчик;profesiya;нарядчиком;
начальник отдела;profesiya;начальником отдела;
невролог;profesiya;неврологом;
невропатолог;profesiya;невропатологом;
нефролог;profesiya;нефрологом;
нотариус;profesiya;нотариусом;
няня;profesiya;няней / нянею;
облицовщик;profesiya;облицовщиком;
овощевод;profesiya;овощеводом;
озеленитель;profesiya;озеленителем;
окулист;profesiya;окулистом;
онколог;profesiya;онкологом;
оператор;profesiya;оператором;
оператор АЗС;profesiya;оператором АЗС;
оператор пк;profesiya;оператором ПК;
операционист;profesiya;операционистом;
ортопед;profesiya;ортопедом;
осмотрщик;profesiya;осмотрщиком;
отделочник;profesiya;отделочником;
офис-менеджер;profesiya;офис-менеджером;
официант;profesiya;официантом;
офтальмолог;profesiya;офтальмологом;
охранник;profesiya;охранником;
оценщик;profesiya;оценщиком;
парикмахер;profesiya;парикмахером;
пастух;profesiya;пастухом;
педагог;profesiya;педагогом;
педиатр;profesiya;педиатром;
пекарь;profesiya;пекарем;
переводчик;profesiya;переводчиком;
печатник;profesiya;печатником;
писатель;profesiya;писателем;
плиточник;profesiya;плиточником;
плотник;profesiya;плотником;
повар;profesiya;поваром;
пожарный;profesiya;пожарным;
политолог;profesiya;политологом;
полицейский;profesiya;полицейским;
помощник воспитателя;profesiya;помощником воспитателя;
помощник машиниста;profesiya;помощником машиниста;
помощник прокурора;profesiya;помощником прокурора;
портной;profesiya;портным;
портье;profesiya;портье;
постановщик;profesiya;постановщиком;
почвовед;profesiya;почвоведом;
почтальон;profesiya;почтальоном;
правовед;profesiya;правоведом;
предприниматель;profesiya;предпринимателем;
преподаватель;profesiya;преподавателем;
пресс-атташе;profesiya;пресс-атташе;
проводник;profesiya;проводником;
программист;profesiya;программистом;
продавец;profesiya;продавцом;
продавец-консультант;profesiya;продавцом-консультантом;
продюсер;profesiya;продюсером;
проектировщик;profesiya;проектировщиком;
прозектор;profesiya;прозектором;
проктолог;profesiya;проктологом;
прокурор;profesiya;прокурором;
промоутер;profesiya;промоутером;
прораб;profesiya;прорабом;
проректор;profesiya;проректором;
проходчик;profesiya;проходчиком;
психиатр;profesiya;психиатром;
психолог;profesiya;психологом;
психотерапевт;profesiya;психотерапевтом;
птицевод;profesiya;птицеводом;
пчеловод;profesiya;пчеловодом;
радиоведущий;profesiya;радиоведущим;
радиоинженер;profesiya;радиоинженером;
радиомеханик;profesiya;радиомехаником;
радиотехник;profesiya;радиотехником;
радист;profesiya;радистом;
разнорабочий;profesiya;разнорабочим;
реабилитолог;profesiya;реабилитологом;
реаниматолог;profesiya;реаниматологом;
регистратор;profesiya;регистратором;
редактор;profesiya;редактором;
режиссер;profesiya;режиссёром;
рекламный агент;profesiya;рекламным агентом;
рекрутер;profesiya;рекрутером;
ректор;profesiya;ректором;
религиовед;profesiya;религиоведом;
ремонтник;profesiya;ремонтником;
рентгенолог;profesiya;рентгенологом;
репетитор;profesiya;репетитором;
реставратор;profesiya;реставратором;
референт;profesiya;референтом;
риелтор;profesiya;риелтором;
руководитель;profesiya;руководителем;
садовник;profesiya;садовником;
санитар;profesiya;санитаром;
сантехник;profesiya;сантехником;
сапожник;profesiya;сапожником;
сборщик мебели;profesiya;сборщиком мебели;
сварщик;profesiya;сварщиком;
связист;profesiya;связистом;
священнослужитель;profesiya;священнослужителем;
секретарь;profesiya;секретарём;
сексолог;profesiya;сексологом;
сиделка;profesiya;сиделкой;
системный администратор;profesiya;системным администратором;
скульптор;profesiya;скульптором;
следователь;profesiya;следователем;
слесарь;profesiya;слесарем;
сметчик;profesiya;сметчиком;
снабженец;profesiya;снабженцем;
сортировщик;profesiya;сортировщиком;
социолог;profesiya;социологом;
соцработник;profesiya;соцработником;
спасатель;profesiya;спасателем;
спортивный врач;profesiya;спортивным врачом;
спортсмен;profesiya;спортсменом;
станочник;profesiya;станочником;
статистик;profesiya;статистиком;
стилист;profesiya;стилистом;
столяр;profesiya;столяром;
стоматолог;profesiya;стоматологом;
сторож;profesiya;сторожем;
страховой агент;profesiya;страховым агентом;
стрелочник;profesiya;стрелочником;
строитель;profesiya;строителем;
стропольщик;profesiya;стропольщиком ;
стюардесса;profesiya;стюардессой;
судебный исполнитель;profesiya;судебным исполнителем;
судебный пристав;profesiya;судебным приставом;
судья;profesiya;судьёй;
супервайзер;profesiya;супервайзером;
сурдопедагог;profesiya;сурдопедагогом;
сушильщик;profesiya;сушильщиком;
сценарист;profesiya;сценаристом;
табельщик;profesiya;табельщиком;
таксист;profesiya;таксистом;
тамада;profesiya;тамадой;
таможенник;profesiya;таможенником;
танцор;profesiya;танцором;
татуировщик;profesiya;татуировщиком;
телеграфист;profesiya;телеграфистом;
телемастер;profesiya;телемастером;
телохранитель;profesiya;телохранителем;
теплотехник;profesiya;теплотехником;
терапевт;profesiya;терапевтом;
тестировщик;profesiya;тестировщиком;
техник;profesiya;техником;
технолог;profesiya;технологом;
типограф;profesiya;типографом;
тифлопедагог;profesiya;тифлопедагогом;
товаровед;profesiya;товароведом;
токарь;profesiya;токарем;
торговый представитель;profesiya;торговым представителем;
травматолог;profesiya;травматологом;
тракторист;profesiya;трактористом;
трейдер;profesiya;трейдером;
тренер;profesiya;тренером;
турагент;profesiya;турагентом;
тюремный надзиратель;profesiya;тюремным надзирателем;
уборщик;profesiya;уборщиком;
упаковщик;profesiya;упаковщиком;
управляющий;profesiya;управляющим;
уролог;profesiya;урологом;
учитель;profesiya;учителем;
фальцовщик;profesiya;фальцовщиком;
фармацевт;profesiya;фармацевтом;
фасовщик;profesiya;фасовщиком;
фельдшер;profesiya;фельдшером;
фермер;profesiya;фермером;
физик;profesiya;физиком;
филолог;profesiya;филологом;
философ;profesiya;философом;
финансист;profesiya;финансистом;
финансовый аналитик;profesiya;финансовым аналитиком;
флорист;profesiya;флористом;
формовщик;profesiya;формовщиком;
фотограф;profesiya;фотографом;
фотомодель;profesiya;фотомоделью;
фрезеровщик;profesiya;фрезеровщиком;
химик;profesiya;химиком;
хирург;profesiya;хирургом;
холодильщик;profesiya;холодильщиком;
хореограф;profesiya;хореографом;
художник;profesiya;художником;
цветовод;profesiya;цветоводом;
цветочница;profesiya;цветочницей;
часовщик;profesiya;часовщиком;
шахтер;profesiya;Шахтером;
швея;profesiya;швеёй;
шеф-повар;profesiya;шеф-поваром;
шлифовщик;profesiya;шлифовщиком;
штукатур;profesiya;штукатуром;
штурман;profesiya;штурманом;
эколог;profesiya;экологом;
экономист;profesiya;экономистом;
экскаваторщик;profesiya;экскаваторщиком;
экспедитор;profesiya;экспедитором;
электрик;profesiya;электриком;
электромонтажник;profesiya;электромонтажником;
электромонтер;profesiya;электромонтёром;
электроник;profesiya;электроником;
эндокринолог;profesiya;эндокринологом;
энергетик;profesiya;энергетиком;
этнограф;profesiya;этнографом;
ювелир;profesiya;ювелиром;
юрист;profesiya;юристом;
Академический;rayon;Академическом;
Алексеевский;rayon;Алексеевском;
Арбат;rayon;Арбата;
Аэропорт;rayon;Аэропорта;
Бабушкинский;rayon;Бабушкинском;
Басманный;rayon;Басманном;
Бескудниковский;rayon;Бескудниковском;
Бибирево;rayon;Бибирево;
Бирюлево Восточное;rayon;Бирюлево Восточное;
Бирюлево Западное;rayon;Бирюлево Западное;
Богородское;rayon;Богородском;
Братеево;rayon;Братеево;
Бутово Северное;rayon;Бутово Северное;
Бутово Южное;rayon;Бутово Южное;
Бутырский;rayon;Бутырском;
Вешняки;rayon;Вешняков;
Внуково;rayon;Внуково;
Войковский;rayon;Войковском;
Восточный;rayon;Восточном;
Выхино-Жулебино;rayon;Выхино-Жулебино;
Гагаринский;rayon;Гагаринском;
Головинский;rayon;Головинском;
Гольяново;rayon;Гольяново;
Даниловский;rayon;Даниловском;
Дегунино Восточное;rayon;Дегунино Восточное;
Дегунино Западное;rayon;Дегунино Западное;
Десеновское;rayon;Десеновском;
Донской;rayon;Донском;
Дорогомилово;rayon;Дорогомилово;
Замоскворечье;rayon;Замоскворечье;
Зюзино;rayon;Зюзино;
Зябликово;rayon;Зябликово;
Ивановское;rayon;Ивановском;
Измайлово;rayon;Измайлово;
Измайлово Северное;rayon;Измайлово Северное;
Капотня;rayon;Капотни;
Кокошкино;rayon;Кокошкино;
Коньково;rayon;Коньково;
Коптево;rayon;Коптево;
Косино-Ухтомский;rayon;Косино-Ухтомском;
Котловка;rayon;Котловки;
Красногорск;rayon;Красногорском;
Красносельский;rayon;Красносельском;
Крылатское;rayon;Крылатском;
Крюково;rayon;Крюково;
Кузьминки;rayon;Кузьминок;
Кунцево;rayon;Кунцево;
Куркино;rayon;Куркино;
Левобережный;rayon;Левобережном;
Лефортово;rayon;Лефортово;
Лианозово;rayon;Лианозово;
Лосиноостровский;rayon;Лосиноостровском;
Люблино;rayon;Люблино;
Марфино;rayon;Марфино;
Марьина Роща;rayon;Марьиной Рощи;
Марьино;rayon;Марьино;
Матушкино;rayon;Матушкино;
Медведково Северное;rayon;Медведково Северное;
Медведково Южное;rayon;Медведково Южное;
Метрогородок;rayon;Метрогородка;
Мещанский;rayon;Мещанском;
Митино;rayon;Митино;
Михайлово-Ярцевское;rayon;Михайлово-Ярцевское;
Можайский;rayon;Можайском;
Молжаниновский;rayon;Молжаниновском;
Москворечье-Сабурово;rayon;Москворечье-Сабурово;
Московский;rayon;Московском;
Мосрентген;rayon;Мосрентгена;
Нагатино-Садовники;rayon;Нагатино-Садовники;
Нагатинский Затон;rayon;Нагатинском Затоне;
Нагорный;rayon;Нагорном;
Некрасовка;rayon;Некрасовке;
Нижегородский;rayon;Нижегородском;
Новогиреево;rayon;Новогиреево;
Новокосино;rayon;Новокосино;
Ново-Переделкино;rayon;Ново-Переделкино;
Новофедоровское;rayon;Новофедоровское;
Обручевский;rayon;Обручевском;
Орехово-Борисово Северное;rayon;Орехово-Борисово Северное;
Орехово-Борисово Южное;rayon;Орехово-Борисово Южное;
Останкинский;rayon;Останкинском;
Отрадное;rayon;Отрадном;
Очаково-Матвеевское;rayon;Очаково-Матвеевском;
Первомайское;rayon;Первомайском;
Перово;rayon;Перово;
Печатники;rayon;Печатниках;
Покровское-Стрешнево;rayon;Покровское-Стрешнево;
Преображенское;rayon;Преображенском;
Пресненский;rayon;Пресненском;
Проспект Вернадского;rayon;Проспект Вернадского;
Раменки;rayon;Раменках;
Роговское;rayon;Роговском;
Ростокино;rayon;Ростокино;
Рязановское;rayon;Рязановском;
Рязанский;rayon;Рязанском;
Савелки;rayon;Савелках;
Савеловский;rayon;Савеловском;
Свиблово;rayon;Свиблово;
Северное Тушино;rayon;Северном Тушино;
Силино;rayon;Силино;
Сокол;rayon;Сокол;
Соколиная Гора;rayon;Соколиная Гора;
Сокольники;rayon;Сокольниках;
Солнцево;rayon;Солнцево;
Сосенское;rayon;Сосенском;
Старое Крюково;rayon;Старом Крюково;
Строгино;rayon;Строгино;
Таганский;rayon;Таганском;
Тверской;rayon;Тверском;
Текстильщики;rayon;Текстильщиках;
Тимирязевский;rayon;Тимирязевском;
Троицк;rayon;Троицком;
Тропарево-Никулино;rayon;Тропарево-Никулино;
Тушино Северное;rayon;Тушино Северное;
Тушино Южное;rayon;Тушино Южное;
Филевский Парк;rayon;Филевском Парке;
Фили-Давыдково;rayon;Фили-Давыдково;
Филимонковское;rayon;Филимонковском;
Хамовники;rayon;Хамовниках;
Ховрино;rayon;Ховрино;
Хорошево-Мневники;rayon;Хорошево-Мневники;
Хорошевский;rayon;Хорошевском;
Царицыно;rayon;Царицыно;
Черемушки;rayon;Черемушках;
Чертаново Северное;rayon;Чертаново Северное;
Чертаново Центральное;rayon;Чертаново Центральное;
Чертаново Южное;rayon;Чертаново Южное;
Щаповское;rayon;Щаповскоом;
Щербинка;rayon;Щербинке;
Щукино;rayon;Щукино;
Южное Тушино;rayon;Южное Тушино;
Южнопортовый;rayon;Южнопортовый;
Якиманка;rayon;Якиманки;
Ярославский;rayon;Ярославском;
Ясенево;rayon;Ясенево;
благоустройство;sfera-deyatelnosti;благоустройством;
вооруженные силы;sfera-deyatelnosti;вооруженными силсилами;
госуправление;sfera-deyatelnosti;госуправлением;
журналистика;sfera-deyatelnosti;журналистикой ;
закон и правопорядок;sfera-deyatelnosti;законом и правопорядком;
здравоохранение;sfera-deyatelnosti;здравоохранением;
издательство;sfera-deyatelnosti;издательством;
информатика;sfera-deyatelnosti;информатикой;
лесное хозяйство;sfera-deyatelnosti;лесным хозяйством;
наука;sfera-deyatelnosti;наукой;
образование и культура;sfera-deyatelnosti;образованием и культурой;
общественное питание;sfera-deyatelnosti;общественным питанием;
предпринимательство;sfera-deyatelnosti;предпринимательством;
промышленность;sfera-deyatelnosti;промышленностью;
связь;sfera-deyatelnosti;связью;
сельское хозяйство;sfera-deyatelnosti;сельским хозяйством;
социальная;sfera-deyatelnosti;социальным;
спорт и туризм;sfera-deyatelnosti;спортом и туризмом;
строительство;sfera-deyatelnosti;строительством;
творчество;sfera-deyatelnosti;творчеством;
торговля;sfera-deyatelnosti;торговлей ;
транспорт;sfera-deyatelnosti;транспортом;
услуги населению;sfera-deyatelnosti;услугами населению;
финансы;sfera-deyatelnosti;финансами;
экономика;sfera-deyatelnosti;экономикой;
юриспруденция;sfera-deyatelnosti;юриспруденцией;
Высокие;teloslozhenie;Высокие;высокого
Низкие;teloslozhenie;Низкие;низкого
Пышная;teloslozhenie;Пышные;пышного
Толстая;teloslozhenie;Толстые;толстого
Фигуристая;teloslozhenie;Фигуристые;фигуристого
Худая;teloslozhenie;Худые;худого
есть автомобиль;transport;с автомобилем;
есть мотоцикл;transport;с мотоциклом;
нет транспорта;transport;без транспорта;
Анальный секс;usluga;Анального секса;
Анилингус;usluga;Анилингуса;
Бандаж;usluga;Бандажа;
БДСМ;usluga;БДСМа;
Боди массаж;usluga;Боди массажа;
Ветка сакуры;usluga;Ветки сакуры;
Господин;usluga;Господина;
Госпожа;usluga;Госпожи;
Золотой дождь;usluga;Золотого дождя;
Копро;usluga;Копро;
Кунилингус;usluga;Кунилингуса;
Легкая доминация;usluga;Легкой доминации;
Лесби-шоу;usluga;Лесби-шоу;
Массаж простаты;usluga;Массажа простаты;
Минет без резинки;usluga;Минета без резинки;
Минет в машине;usluga;Минета в машине;
Минет в презервативе;usluga;Минета в презервативе;
Минет глубокий;usluga;глубокого минета;
Окончание в рот;usluga;Окончания в рот;
Окончание на грудь;usluga;Окончания на грудь;
Окончание на лицо;usluga;Окончания на лицо;
Раб;usluga;Раба;
Рабыня;usluga;Рабыни;
Ролевые игры;usluga;Ролевых игр;
Секс классический;usluga;классического секса;
Страпон;usluga;Страпона;
Стриптиз;usluga;Стриптиза;
Урологический массаж;usluga;Урологического массажа;
Фистинг анальный;usluga;анального фистинга;
Фистинг классический;usluga;классического фистинга;
Эротический массаж;usluga;Эротического массажа;
Эскорт;usluga;Эскорта;
живу в общежитии;zhile;живущие в общежитии;
живу с приятелем/подругой;zhile;живущие с приятелем/подругой;
живу с родителями;zhile;живужие с родителями;
нет постоянного жилья;zhile;в поиске жилья ;
свой дом;zhile;живущие в  доме;
своя квартира;zhile;живущие в квартире;
снимаю квартиру;zhile;снимающие квартиру;
